leading_item_id,following_item_id,value
PYZMVUWD,FCYBOAXC,101068390
WQMVCOEM,DNMPSKTB,5259813
AHMDUILJ,XIFHSOWQ,61165
QKXNTIIB,QJQJSWFU,120937
OXKURKXR,RCBZUSIM,10651
OXKURKXR,WBLJNPZQ,192906
VWMBASNE,XUOIQPFL,2878807
LTOYKIML,ROACSLMG,2254269
UIFPPCLR,ATLDMDBO,40837740
BJALXPFS,XUOIQPFL,2880475
RCBZUSIM,BLANHGYY,9038
APQGTRMF,FDXPMYGF,876
KAGJCHMR,NZKBIBNU,203383
WQMVCOEM,XIPPENFQ,97091
PYZMVUWD,EVBVXETX,4841985
DBWLZWNK,DJBLNPNC,313
QKXNTIIB,LTOYKIML,380905
WPQXWHYO,ZKENOUDA,261402
BLANHGYY,DNMPSKTB,5249794
VMAQSTJE,XIFHSOWQ,61431
UXSPKBJR,XIFHSOWQ,61624
UIFPPCLR,ZGJXVMNI,2524166
AANGBULD,ZCELVYQU,28516
IGDVVKUD,ATLDMDBO,40821033
APQGTRMF,OKMBFVKS,2007048
LSOIUSXD,XUOIQPFL,2871223
ZGJXVMNI,NZKBIBNU,203748
UIFPPCLR,JPBRUTWP,5448226
BJALXPFS,ZGJXVMNI,2516304
QVLMOEYE,LSOIUSXD,107236
XMKRPGLB,FITUEHWN,65958
VBYCLTYZ,APQGTRMF,52140
KJNSOAHR,DDEXPPXU,12366
ZGJXVMNI,ATLDMDBO,40883491
YSYHGLQK,QRKRBYJL,3090706
LSOIUSXD,XIFHSOWQ,61510
RJGPVEXX,OGAFEHLU,63331
ROACSLMG,UXSPKBJR,466026
IGDVVKUD,JPBRUTWP,5461719
UIFPPCLR,QVLMOEYE,1220665
LRVGFDFM,ATLDMDBO,40814493
LPHPPJUG,AXULOHBQ,79349
SAAYMURU,STZDBITS,21572685
XIIEJNEE,QVLMOEYE,1216157
OGAFEHLU,DEWLVASR,274551
FDXPMYGF,XIFHSOWQ,61056
BJALXPFS,QVLMOEYE,1215509
DNMPSKTB,QJQJSWFU,120977
AXULOHBQ,NZKBIBNU,203982
ZGJXVMNI,JPBRUTWP,5463102
UGEQLMXM,AXULOHBQ,78713
FDXPMYGF,CCLHWFWF,19759932
DBWLZWNK,VBYCLTYZ,326131
JBVHSUWY,BEZYMBBT,3721068
OXKURKXR,FQCLOEXA,1589157
EVBVXETX,XIFHSOWQ,61706
LRVGFDFM,JPBRUTWP,5470735
GYHKIVQT,AXULOHBQ,79013
XUOIQPFL,IGDVVKUD,2521
EVBVXETX,ZCELVYQU,28584
QRKRBYJL,BTMOEMEP,9580765
UXSPKBJR,XMKRPGLB,909536
RJGPVEXX,ZXERAXWP,26797
KEUWZRKO,HXYSSRXE,5176745
OGAFEHLU,RCBZUSIM,10633
XUOIQPFL,OKMBFVKS,2007478
OGAFEHLU,WBLJNPZQ,193236
SAHWCZNH,RJGPVEXX,559029
FTSVTTSR,MBSBZBXA,4423652
FCYBOAXC,ATLDMDBO,40801037
HXYSSRXE,TGOELCAG,6239
XUOIQPFL,RJGPVEXX,558749
LSOIUSXD,BJALXPFS,149223
RAWUKQMJ,HXYSSRXE,5199877
JSLXRQOK,DJBLNPNC,313
AANGBULD,DEWLVASR,272675
UQYUIVVR,ZKENOUDA,259318
ZGJXVMNI,WPQXWHYO,10883479
IGDVVKUD,LRVGFDFM,7142900
QJQJSWFU,RJGPVEXX,558526
XIIEJNEE,QRKRBYJL,3113412
VMAQSTJE,DEWLVASR,274022
SDWAYPIK,ATLDMDBO,40924598
BJALXPFS,QRKRBYJL,3117978
YSYHGLQK,LPHPPJUG,1131659
UGEQLMXM,XUOIQPFL,2872501
XMKRPGLB,KAGJCHMR,8771
UIFPPCLR,SDWAYPIK,5956891
DBWLZWNK,OXKURKXR,99321
PYZMVUWD,RJGPVEXX,558314
AHMDUILJ,RCBZUSIM,10723
BLANHGYY,FITUEHWN,65433
XIIEJNEE,SDWAYPIK,5958721
BJALXPFS,SDWAYPIK,5944474
SDWAYPIK,ZGJXVMNI,2525581
NAQIHUKZ,ZCELVYQU,28520
GYHKIVQT,XUOIQPFL,2885324
LSOIUSXD,DEWLVASR,274428
ROACSLMG,DJBLNPNC,314
ZCELVYQU,AXULOHBQ,78761
APQGTRMF,DUCMGGNW,935589
DDEXPPXU,DEWLVASR,273956
SDWAYPIK,JPBRUTWP,5479484
JPBRUTWP,KJNSOAHR,9203884
UGEQLMXM,ZGJXVMNI,2518455
LRVGFDFM,XIIEJNEE,6753
WBLJNPZQ,PYZMVUWD,973
AXULOHBQ,WPQXWHYO,10898794
VMAQSTJE,RCBZUSIM,10702
UXSPKBJR,RCBZUSIM,10726
VBYCLTYZ,WHPUAOID,28730
LUENUFGA,ATLDMDBO,40875311
GYHKIVQT,ZGJXVMNI,2528689
SDWAYPIK,QVLMOEYE,1220989
XIIEJNEE,EVBVXETX,4843123
BUZIIBYG,ZXERAXWP,26232
UGEQLMXM,QVLMOEYE,1220094
LRVGFDFM,FCYBOAXC,101369630
LUENUFGA,ZGJXVMNI,2514187
SAHWCZNH,FRHNWLNI,1060732
OKMBFVKS,BTMOEMEP,9556395
JSLXRQOK,TGOELCAG,6230
DJBLNPNC,APQGTRMF,62498
DNMPSKTB,PYZMVUWD,973
FWUCPMMW,NAQIHUKZ,20
DEWLVASR,ZGJXVMNI,2522855
ZGJXVMNI,EVBVXETX,4852480
GKQIJYDH,DBWLZWNK,296699
GYHKIVQT,QVLMOEYE,1222760
ROACSLMG,VBYCLTYZ,326015
FWUCPMMW,UQYUIVVR,3526026
FDXPMYGF,WBLJNPZQ,193003
DBWLZWNK,FWUCPMMW,2678
UIFPPCLR,ELQGMQWE,445668
ZXERAXWP,FITUEHWN,65548
LRVGFDFM,EVBVXETX,4868556
XUOIQPFL,UXSPKBJR,465939
RAWUKQMJ,BLANHGYY,9038
LPHPPJUG,BJALXPFS,149208
QRKRBYJL,GYHKIVQT,24347628
FDXPMYGF,BSRMSVTC,230160
EVBVXETX,RCBZUSIM,10774
ATLDMDBO,BTMOEMEP,9601934
FTSVTTSR,ZCELVYQU,28523
BEZYMBBT,OXKURKXR,99428
XIIEJNEE,BUZIIBYG,15570277
XUOIQPFL,DUCMGGNW,935879
SUOYXCHP,WPQXWHYO,10912706
LPHPPJUG,WPQXWHYO,10883608
YSYHGLQK,VMAQSTJE,57019
UQYUIVVR,WQMVCOEM,3400
QJQJSWFU,UXSPKBJR,465240
ELQGMQWE,UIFPPCLR,56215
AXULOHBQ,EVBVXETX,4858606
HXYSSRXE,DNMPSKTB,5279989
NZKBIBNU,RJGPVEXX,558311
JBVHSUWY,VMAQSTJE,57157
ZGJXVMNI,ELQGMQWE,446293
QJQJSWFU,DUCMGGNW,936063
SDWAYPIK,LRVGFDFM,7164745
FRHNWLNI,LUENUFGA,3891465
LSOIUSXD,LPHPPJUG,1137547
RCBZUSIM,XMKRPGLB,909112
SDWAYPIK,QRKRBYJL,3125901
XIPPENFQ,KJNSOAHR,9228461
ELQGMQWE,DNMPSKTB,5277476
GYHKIVQT,WPQXWHYO,10917319
NAQIHUKZ,DEWLVASR,273271
APQGTRMF,DJBLNPNC,313
LRVGFDFM,BUZIIBYG,15626060
UIFPPCLR,IGDVVKUD,2522
SNHYOVBM,ELQGMQWE,444699
JBVHSUWY,KEUWZRKO,306615
UGEQLMXM,QRKRBYJL,3122421
FWUCPMMW,SUOYXCHP,107
XMKRPGLB,PYZMVUWD,973
LPHPPJUG,SDWAYPIK,5942182
LUENUFGA,WPQXWHYO,10928661
BEZYMBBT,UIFPPCLR,57146
GYHKIVQT,XIIEJNEE,6753
SUOYXCHP,FCYBOAXC,101531323
DEWLVASR,WPQXWHYO,10925563
UIFPPCLR,OKMBFVKS,2009336
FDXPMYGF,FQCLOEXA,1590215
OGAFEHLU,FRHNWLNI,1057836
ROACSLMG,OXKURKXR,98860
UGEQLMXM,SDWAYPIK,5964015
GYHKIVQT,QRKRBYJL,3123251
IGDVVKUD,FDXPMYGF,880
DBWLZWNK,LSOIUSXD,107299
UGEQLMXM,BEZYMBBT,3720709
XIIEJNEE,OKMBFVKS,2004471
CCLHWFWF,XIPPENFQ,97583
KAGJCHMR,FQCLOEXA,1586486
BEZYMBBT,DNMPSKTB,5260076
IGDVVKUD,OKMBFVKS,2007086
GYHKIVQT,SDWAYPIK,5964670
XUOIQPFL,VUAFAIYJ,500770
ZKENOUDA,MBSBZBXA,4439556
DJBLNPNC,SUOYXCHP,96
FITUEHWN,STZDBITS,21593867
RCBZUSIM,JBVHSUWY,296966
GYHKIVQT,BEZYMBBT,3734796
GYHKIVQT,FCYBOAXC,101240640
LRVGFDFM,IGDVVKUD,2530
VBYCLTYZ,HXYSSRXE,5186244
FCYBOAXC,WBLJNPZQ,195055
RJGPVEXX,PYZMVUWD,973
APQGTRMF,VBYCLTYZ,325419
LUENUFGA,SDWAYPIK,5934012
ZGJXVMNI,OKMBFVKS,2003369
KAGJCHMR,LLHREMKS,28087
KAGJCHMR,RJGPVEXX,558206
BLANHGYY,WQMVCOEM,3400
SNHYOVBM,FDXPMYGF,880
DEWLVASR,SDWAYPIK,5968853
DNMPSKTB,ATLDMDBO,40860528
ZCELVYQU,BJALXPFS,148888
LRVGFDFM,OKMBFVKS,2006541
DEWLVASR,FCYBOAXC,101059064
GYHKIVQT,EVBVXETX,4856532
BJALXPFS,VMAQSTJE,57123
OKMBFVKS,GYHKIVQT,24345996
XUOIQPFL,DJBLNPNC,313
HXYSSRXE,OGAFEHLU,676114
AXULOHBQ,FDXPMYGF,886
ZGJXVMNI,RJGPVEXX,558281
ZXERAXWP,LTOYKIML,382248
FTSVTTSR,DEWLVASR,274438
NZKBIBNU,FRHNWLNI,1061253
LTOYKIML,XUOIQPFL,2885127
JPBRUTWP,GYHKIVQT,24251007
XMKRPGLB,SNHYOVBM,356951
ROACSLMG,APQGTRMF,51657
DBWLZWNK,WHPUAOID,28530
LUENUFGA,EVBVXETX,4863689
BUZIIBYG,WQMVCOEM,3400
RCBZUSIM,WBLJNPZQ,192576
SDWAYPIK,ELQGMQWE,446227
AXULOHBQ,OKMBFVKS,2001060
DNMPSKTB,JPBRUTWP,5476982
DEWLVASR,EVBVXETX,4845073
DBWLZWNK,ZXERAXWP,26214
BJALXPFS,KEUWZRKO,304498
WBLJNPZQ,CCLHWFWF,19817640
RAWUKQMJ,UGEQLMXM,174040
JERHKLYW,WBLJNPZQ,192801
QJQJSWFU,KJNSOAHR,9202929
TGOELCAG,BUZIIBYG,15562102
NZKBIBNU,DUCMGGNW,939482
UXSPKBJR,FRHNWLNI,1062896
DUCMGGNW,SUOYXCHP,96
APQGTRMF,AANGBULD,120946
FWUCPMMW,ROACSLMG,2349648
LTOYKIML,ZCELVYQU,28571
ATLDMDBO,GYHKIVQT,24308567
KEUWZRKO,XIFHSOWQ,61596
CCLHWFWF,OGAFEHLU,2255821
AXULOHBQ,RJGPVEXX,557932
FQCLOEXA,XIFHSOWQ,61770
UGEQLMXM,LPHPPJUG,1135523
WHPUAOID,LRVGFDFM,7136873
AANGBULD,SAAYMURU,30699
XIFHSOWQ,ZXERAXWP,26243
ZGJXVMNI,KEUWZRKO,307267
WHPUAOID,XMKRPGLB,902104
FQCLOEXA,ZCELVYQU,28582
ZCELVYQU,BEZYMBBT,3737381
XUOIQPFL,VBYCLTYZ,325625
GYHKIVQT,LPHPPJUG,1140985
VUAFAIYJ,GYHKIVQT,24194134
APQGTRMF,OXKURKXR,99161
DEWLVASR,ELQGMQWE,445088
DJBLNPNC,ROACSLMG,2238338
SDWAYPIK,IGDVVKUD,2528
LUENUFGA,LPHPPJUG,1135467
ELQGMQWE,ZXERAXWP,26420
SDWAYPIK,FDXPMYGF,873
RAWUKQMJ,XIFHSOWQ,61038
UIFPPCLR,UXSPKBJR,465737
CCLHWFWF,FITUEHWN,65540
VBYCLTYZ,BLANHGYY,9038
AXULOHBQ,KEUWZRKO,304361
BTMOEMEP,GYHKIVQT,24333481
LPHPPJUG,OKMBFVKS,2000735
SDWAYPIK,OKMBFVKS,2009454
RCBZUSIM,FQCLOEXA,1589460
FRHNWLNI,GYHKIVQT,24315734
IGDVVKUD,UXSPKBJR,465119
DDEXPPXU,JSLXRQOK,2114
ATLDMDBO,DNMPSKTB,5276179
GYHKIVQT,FDXPMYGF,878
NZKBIBNU,VUAFAIYJ,500357
RJGPVEXX,NZKBIBNU,202837
KAGJCHMR,DUCMGGNW,939119
APQGTRMF,UIFPPCLR,57055
DNMPSKTB,LRVGFDFM,7185401
DNMPSKTB,XIIEJNEE,6753
GYHKIVQT,OKMBFVKS,2011674
LRVGFDFM,FRHNWLNI,1062653
ATLDMDBO,XIPPENFQ,97370
ZGJXVMNI,DUCMGGNW,938757
LRVGFDFM,UXSPKBJR,462894
QJQJSWFU,AANGBULD,123680
XUOIQPFL,OXKURKXR,99258
DEWLVASR,OKMBFVKS,2008782
WHPUAOID,WBLJNPZQ,193922
QKXNTIIB,WBLJNPZQ,193831
SNHYOVBM,DUCMGGNW,934785
AXULOHBQ,UXSPKBJR,466570
SUOYXCHP,KEUWZRKO,304962
LPHPPJUG,KEUWZRKO,306534
KEUWZRKO,JBVHSUWY,296937
QJQJSWFU,OXKURKXR,99068
QRKRBYJL,ZKENOUDA,262771
TGOELCAG,KEUWZRKO,305713
WPQXWHYO,EVBVXETX,4863262
AANGBULD,KJNSOAHR,9233082
BUZIIBYG,SNHYOVBM,352526
BSRMSVTC,HCDTGMST,19507
DEWLVASR,LLHREMKS,28222
FQCLOEXA,DEWLVASR,274503
FDXPMYGF,HCDTGMST,1253
PYZMVUWD,OXKURKXR,99124
LLHREMKS,ELQGMQWE,444657
FCYBOAXC,FRHNWLNI,1066829
OXKURKXR,APQGTRMF,52020
VMAQSTJE,LUENUFGA,3883212
GYHKIVQT,KEUWZRKO,304009
ZCELVYQU,IGDVVKUD,2523
NAQIHUKZ,SAAYMURU,30280
AHMDUILJ,BTMOEMEP,9556049
ZCELVYQU,FDXPMYGF,874
WBLJNPZQ,BSRMSVTC,230779
QRKRBYJL,QJQJSWFU,121195
WQMVCOEM,JPBRUTWP,5448178
XIPPENFQ,AHMDUILJ,94510
AHMDUILJ,FTSVTTSR,141309
ATLDMDBO,OGAFEHLU,4353570
RAWUKQMJ,DEWLVASR,274551
ZGJXVMNI,VUAFAIYJ,500788
FCYBOAXC,DUCMGGNW,938647
BTMOEMEP,SUOYXCHP,95
CCLHWFWF,LTOYKIML,382892
XIIEJNEE,BTMOEMEP,9516264
BEZYMBBT,QJQJSWFU,121019
QRKRBYJL,RAWUKQMJ,3871266
DNMPSKTB,WBLJNPZQ,193433
OXKURKXR,NAQIHUKZ,20299
LRVGFDFM,VUAFAIYJ,502966
RCBZUSIM,FRHNWLNI,1061364
DNMPSKTB,ELQGMQWE,446699
FQCLOEXA,BSRMSVTC,232089
FWUCPMMW,BLANHGYY,9038
XIPPENFQ,MIRCVAMV,2272
AANGBULD,FTSVTTSR,142627
IGDVVKUD,DJBLNPNC,313
PYZMVUWD,UIFPPCLR,57084
SDWAYPIK,UXSPKBJR,465757
ZKENOUDA,DEWLVASR,272615
FDXPMYGF,LUENUFGA,3881955
KAGJCHMR,KJNSOAHR,9219851
QJQJSWFU,APQGTRMF,51530
EVBVXETX,KJNSOAHR,9244599
SAAYMURU,XIIEJNEE,6753
VBYCLTYZ,UGEQLMXM,174284
SDWAYPIK,DUCMGGNW,936030
APQGTRMF,OGAFEHLU,11071
EVBVXETX,LUENUFGA,3891913
WHPUAOID,LLHREMKS,28080
DUCMGGNW,RAWUKQMJ,3883894
KJNSOAHR,UGEQLMXM,174901
UQYUIVVR,SDWAYPIK,5959679
NZKBIBNU,AANGBULD,124522
SAAYMURU,BEZYMBBT,3734772
YSYHGLQK,GYHKIVQT,24196963
UIFPPCLR,VBYCLTYZ,325791
SNHYOVBM,DJBLNPNC,314
ZKENOUDA,WBLJNPZQ,193473
WPQXWHYO,FDXPMYGF,873
XIPPENFQ,QKXNTIIB,1751759
PYZMVUWD,XIPPENFQ,96828
FTSVTTSR,SAAYMURU,30396
XIIEJNEE,VBYCLTYZ,324758
QRKRBYJL,WQMVCOEM,3400
GKQIJYDH,ELQGMQWE,444904
IGDVVKUD,VBYCLTYZ,325096
FCYBOAXC,VUAFAIYJ,507080
WPQXWHYO,OKMBFVKS,2009219
APQGTRMF,WHPUAOID,28637
OKMBFVKS,ZKENOUDA,262535
FITUEHWN,AXULOHBQ,79087
OGAFEHLU,APQGTRMF,51772
KJNSOAHR,XUOIQPFL,2881693
DEWLVASR,DUCMGGNW,935499
DNMPSKTB,FQCLOEXA,1589993
RJGPVEXX,JBVHSUWY,297644
ZGJXVMNI,VBYCLTYZ,325029
XUOIQPFL,LSOIUSXD,107034
HXYSSRXE,PYZMVUWD,973
RJGPVEXX,DEWLVASR,274364
BLANHGYY,WPQXWHYO,10884789
WPQXWHYO,RJGPVEXX,558680
KJNSOAHR,ZCELVYQU,28581
LRVGFDFM,VBYCLTYZ,326025
OKMBFVKS,QJQJSWFU,121235
DNMPSKTB,RJGPVEXX,557672
XUOIQPFL,OGAFEHLU,359060
BLANHGYY,LRVGFDFM,7113957
FWUCPMMW,AXULOHBQ,77906
JERHKLYW,VUAFAIYJ,498870
BUZIIBYG,WPQXWHYO,10924169
PYZMVUWD,LSOIUSXD,106981
KAGJCHMR,AANGBULD,124060
OGAFEHLU,UQYUIVVR,3600164
GKQIJYDH,FDXPMYGF,866
APQGTRMF,YSYHGLQK,1151
OKMBFVKS,RAWUKQMJ,3885395
WHPUAOID,FRHNWLNI,1061658
PYZMVUWD,OGAFEHLU,12697
SDWAYPIK,DJBLNPNC,313
ZGJXVMNI,AANGBULD,123915
MBSBZBXA,DUCMGGNW,935600
QVLMOEYE,WBLJNPZQ,192922
DJBLNPNC,AXULOHBQ,78411
UGEQLMXM,BTMOEMEP,9538612
XUOIQPFL,VWMBASNE,187181
KAGJCHMR,OXKURKXR,99392
VMAQSTJE,GYHKIVQT,24213856
BJALXPFS,GYHKIVQT,24218834
OGAFEHLU,AHMDUILJ,94477
NAQIHUKZ,FTSVTTSR,140840
WHPUAOID,DUCMGGNW,940155
QVLMOEYE,BSRMSVTC,229163
AHMDUILJ,JERHKLYW,8945
UXSPKBJR,APQGTRMF,52219
GKQIJYDH,LLHREMKS,28263
XMKRPGLB,OKMBFVKS,2006431
GYHKIVQT,BTMOEMEP,9548717
QJQJSWFU,VWMBASNE,189974
ZGJXVMNI,OXKURKXR,99216
BLANHGYY,EVBVXETX,4856778
FQCLOEXA,VMAQSTJE,56807
LSOIUSXD,GYHKIVQT,24297260
AXULOHBQ,AANGBULD,122433
SAAYMURU,FDXPMYGF,876
LRVGFDFM,OXKURKXR,99615
DBWLZWNK,NZKBIBNU,203592
AANGBULD,NAQIHUKZ,444
PYZMVUWD,ZXERAXWP,26606
AHMDUILJ,SAHWCZNH,2154089
SDWAYPIK,VBYCLTYZ,325744
VBYCLTYZ,DEWLVASR,272647
STZDBITS,ZXERAXWP,26364
KAGJCHMR,DDEXPPXU,12421
ROACSLMG,BLANHGYY,9038
RAWUKQMJ,VMAQSTJE,57064
UGEQLMXM,VBYCLTYZ,325657
XIFHSOWQ,NZKBIBNU,204085
RJGPVEXX,FQCLOEXA,1593474
OKMBFVKS,DBWLZWNK,296692
BTMOEMEP,RAWUKQMJ,3891643
ZGJXVMNI,DDEXPPXU,12319
VMAQSTJE,SAHWCZNH,2156069
UXSPKBJR,SAHWCZNH,2157461
XIIEJNEE,DNMPSKTB,5255427
ZGJXVMNI,UIFPPCLR,57262
APQGTRMF,HXYSSRXE,5180000
BJALXPFS,DNMPSKTB,5285620
FQCLOEXA,SAAYMURU,30180
JPBRUTWP,DBWLZWNK,296808
QVLMOEYE,FQCLOEXA,1588638
GYHKIVQT,VBYCLTYZ,325964
IGDVVKUD,FWUCPMMW,2677
OGAFEHLU,VWMBASNE,202840
LTOYKIML,JSLXRQOK,2114
FDXPMYGF,JERHKLYW,8907
MIRCVAMV,JERHKLYW,8827
HXYSSRXE,ATLDMDBO,40842025
VBYCLTYZ,RCBZUSIM,10713
VWMBASNE,XIPPENFQ,97002
UQYUIVVR,VMAQSTJE,57096
VMAQSTJE,AHMDUILJ,94382
WQMVCOEM,FDXPMYGF,875
LRVGFDFM,APQGTRMF,51779
HXYSSRXE,JPBRUTWP,5468233
CCLHWFWF,NZKBIBNU,203798
KJNSOAHR,RCBZUSIM,10690
FDXPMYGF,SAHWCZNH,2153193
LLHREMKS,VUAFAIYJ,499139
UQYUIVVR,KEUWZRKO,304324
LSOIUSXD,XIPPENFQ,97318
YSYHGLQK,ZXERAXWP,26162
BTMOEMEP,WQMVCOEM,3400
QRKRBYJL,ATLDMDBO,40891574
OXKURKXR,HXYSSRXE,5198405
BLANHGYY,FDXPMYGF,892
WBLJNPZQ,VUAFAIYJ,501312
EVBVXETX,SAHWCZNH,2158887
SDWAYPIK,OXKURKXR,99152
FRHNWLNI,WQMVCOEM,3400
BSRMSVTC,AHMDUILJ,94269
JBVHSUWY,ZXERAXWP,26478
SAHWCZNH,HXYSSRXE,5189511
FDXPMYGF,AHMDUILJ,94138
ZGJXVMNI,UQYUIVVR,3568993
PYZMVUWD,QJQJSWFU,120850
NZKBIBNU,VWMBASNE,187790
QRKRBYJL,ZGJXVMNI,2525240
JERHKLYW,OXKURKXR,98008
OGAFEHLU,ROACSLMG,2253465
CCLHWFWF,JPBRUTWP,5473845
BTMOEMEP,DBWLZWNK,295497
XUOIQPFL,HXYSSRXE,5177180
QRKRBYJL,JPBRUTWP,5476996
BUZIIBYG,FDXPMYGF,863
ZCELVYQU,VBYCLTYZ,325991
UQYUIVVR,JSLXRQOK,2114
UIFPPCLR,OGAFEHLU,12296
JPBRUTWP,AXULOHBQ,78742
MBSBZBXA,VBYCLTYZ,324929
STZDBITS,LTOYKIML,381570
ELQGMQWE,CCLHWFWF,19760066
FDXPMYGF,SUOYXCHP,97
FITUEHWN,BEZYMBBT,3737100
EVBVXETX,MIRCVAMV,2272
HCDTGMST,FRHNWLNI,1060035
QRKRBYJL,QVLMOEYE,1217689
TGOELCAG,OJIFIHMZ,2527981
BJALXPFS,OGAFEHLU,19414
WQMVCOEM,KEUWZRKO,305942
SDWAYPIK,UIFPPCLR,57062
DJBLNPNC,BJALXPFS,148431
MBSBZBXA,TGOELCAG,6246
TGOELCAG,UIFPPCLR,57266
RJGPVEXX,FRHNWLNI,1058497
BUZIIBYG,RJGPVEXX,558936
LRVGFDFM,LSOIUSXD,107268
ZGJXVMNI,OGAFEHLU,296248
RCBZUSIM,APQGTRMF,52161
QVLMOEYE,FRHNWLNI,1061587
KEUWZRKO,LUENUFGA,3900847
LPHPPJUG,DNMPSKTB,5278898
VMAQSTJE,STZDBITS,21589265
LLHREMKS,VBYCLTYZ,324895
BLANHGYY,KEUWZRKO,303928
FQCLOEXA,LUENUFGA,3884976
VWMBASNE,FITUEHWN,65358
GYHKIVQT,UIFPPCLR,57072
JPBRUTWP,UGEQLMXM,174569
FCYBOAXC,UQYUIVVR,3640916
UIFPPCLR,ZXERAXWP,26256
BJALXPFS,FITUEHWN,65562
UGEQLMXM,DNMPSKTB,5277610
VWMBASNE,ZXERAXWP,26882
IGDVVKUD,WHPUAOID,28535
ELQGMQWE,XMKRPGLB,908869
UXSPKBJR,ROACSLMG,2254953
JBVHSUWY,QJQJSWFU,121073
DEWLVASR,UIFPPCLR,57491
GYHKIVQT,DNMPSKTB,5282384
AXULOHBQ,OGAFEHLU,11346
BUZIIBYG,KEUWZRKO,304767
LTOYKIML,FTSVTTSR,141810
ZGJXVMNI,VWMBASNE,189042
CCLHWFWF,LRVGFDFM,7150402
APQGTRMF,MBSBZBXA,4434475
OKMBFVKS,ATLDMDBO,40872707
JPBRUTWP,XUOIQPFL,2872790
ZKENOUDA,KJNSOAHR,9249670
LUENUFGA,DNMPSKTB,5267792
QRKRBYJL,LRVGFDFM,7167277
JBVHSUWY,LTOYKIML,381726
LRVGFDFM,VWMBASNE,188013
MIRCVAMV,FITUEHWN,65280
XUOIQPFL,PYZMVUWD,973
OKMBFVKS,ZGJXVMNI,2527489
OJIFIHMZ,RCBZUSIM,10768
BSRMSVTC,ROACSLMG,2260203
XIPPENFQ,AXULOHBQ,78780
LUENUFGA,XIPPENFQ,96944
FDXPMYGF,ROACSLMG,2251154
DBWLZWNK,RCBZUSIM,10721
WBLJNPZQ,AANGBULD,125074
QRKRBYJL,SDWAYPIK,5976693
OKMBFVKS,JPBRUTWP,5454086
JPBRUTWP,ZGJXVMNI,2524421
CCLHWFWF,FCYBOAXC,101530209
ZCELVYQU,GKQIJYDH,7238822
MBSBZBXA,OJIFIHMZ,2551745
SDWAYPIK,LSOIUSXD,107224
VMAQSTJE,ZKENOUDA,260206
OKMBFVKS,QVLMOEYE,1222706
UGEQLMXM,LSOIUSXD,107038
BUZIIBYG,UXSPKBJR,465089
FITUEHWN,FDXPMYGF,868
JPBRUTWP,QVLMOEYE,1221884
LPHPPJUG,OGAFEHLU,109626
SDWAYPIK,OGAFEHLU,535049
DNMPSKTB,AANGBULD,123817
ZKENOUDA,FTSVTTSR,140952
QRKRBYJL,EVBVXETX,4839968
ATLDMDBO,JPBRUTWP,5476922
FCYBOAXC,QKXNTIIB,1737654
HXYSSRXE,ELQGMQWE,447160
LSOIUSXD,ZKENOUDA,261250
XIPPENFQ,UGEQLMXM,174818
AHMDUILJ,RAWUKQMJ,3881701
FCYBOAXC,VWMBASNE,188620
DDEXPPXU,ZKENOUDA,260175
ZCELVYQU,FWUCPMMW,2679
UGEQLMXM,OGAFEHLU,33563
BJALXPFS,QJQJSWFU,121127
LLHREMKS,GKQIJYDH,7222849
ELQGMQWE,WBLJNPZQ,193631
RJGPVEXX,KJNSOAHR,9203344
ROACSLMG,XMKRPGLB,906937
OXKURKXR,AXULOHBQ,78681
VUAFAIYJ,JPBRUTWP,5463372
QKXNTIIB,APQGTRMF,52155
BTMOEMEP,ATLDMDBO,40790231
DNMPSKTB,OXKURKXR,99441
GYHKIVQT,OGAFEHLU,2678599
ZXERAXWP,FRHNWLNI,1059604
FRHNWLNI,ATLDMDBO,40883642
UXSPKBJR,RAWUKQMJ,3877593
NAQIHUKZ,STZDBITS,21608878
BJALXPFS,LTOYKIML,381714
FTSVTTSR,SUOYXCHP,94
BTMOEMEP,ZGJXVMNI,2519843
DBWLZWNK,FQCLOEXA,1585423
NAQIHUKZ,FITUEHWN,65314
JERHKLYW,QKXNTIIB,1730377
FRHNWLNI,ZGJXVMNI,2523775
LPHPPJUG,ZXERAXWP,26305
DEWLVASR,OGAFEHLU,40042
BTMOEMEP,JPBRUTWP,5473705
LLHREMKS,FWUCPMMW,2671
QRKRBYJL,BUZIIBYG,15614730
MBSBZBXA,UQYUIVVR,3618315
BEZYMBBT,RCBZUSIM,10720
BEZYMBBT,WBLJNPZQ,193584
WBLJNPZQ,APQGTRMF,51679
UGEQLMXM,ZXERAXWP,26055
IGDVVKUD,HXYSSRXE,5182951
STZDBITS,SNHYOVBM,350605
AHMDUILJ,WQMVCOEM,3400
OXKURKXR,UGEQLMXM,174229
JBVHSUWY,PYZMVUWD,973
QKXNTIIB,UQYUIVVR,3611814
UQYUIVVR,TGOELCAG,6232
BTMOEMEP,QVLMOEYE,1214578
DNMPSKTB,DDEXPPXU,12300
HXYSSRXE,FQCLOEXA,1593587
FRHNWLNI,QVLMOEYE,1215249
GYHKIVQT,ZXERAXWP,26939
ZGJXVMNI,HXYSSRXE,5200730
JPBRUTWP,QRKRBYJL,3124893
DUCMGGNW,BUZIIBYG,15613675
RCBZUSIM,STZDBITS,21556689
OKMBFVKS,SDWAYPIK,5962250
ZCELVYQU,LSOIUSXD,107273
DNMPSKTB,APQGTRMF,52222
LUENUFGA,ZXERAXWP,26575
ELQGMQWE,FQCLOEXA,1586299
OKMBFVKS,FCYBOAXC,101228927
ATLDMDBO,LRVGFDFM,7174359
JPBRUTWP,SDWAYPIK,5974028
HXYSSRXE,RJGPVEXX,557454
ATLDMDBO,XIIEJNEE,6753
QRKRBYJL,IGDVVKUD,2523
JPBRUTWP,BEZYMBBT,3736284
QKXNTIIB,AHMDUILJ,94521
QRKRBYJL,FDXPMYGF,868
WPQXWHYO,XIPPENFQ,96662
CCLHWFWF,FQCLOEXA,1591529
FTSVTTSR,STZDBITS,21636972
ROACSLMG,RCBZUSIM,10704
RAWUKQMJ,GYHKIVQT,24313728
AXULOHBQ,HXYSSRXE,5194872
ELQGMQWE,LLHREMKS,28043
ELQGMQWE,RJGPVEXX,557775
QRKRBYJL,OKMBFVKS,2010717
BUZIIBYG,DJBLNPNC,313
UXSPKBJR,DBWLZWNK,295693
VUAFAIYJ,LRVGFDFM,7102778
RJGPVEXX,AANGBULD,123911
SAHWCZNH,XIFHSOWQ,61456
ZXERAXWP,VUAFAIYJ,498905
JPBRUTWP,EVBVXETX,4845693
LLHREMKS,LSOIUSXD,106901
QVLMOEYE,AANGBULD,122896
KEUWZRKO,SAHWCZNH,2158740
DNMPSKTB,UQYUIVVR,3592492
QRKRBYJL,RJGPVEXX,559001
FQCLOEXA,SAHWCZNH,2159458
SUOYXCHP,QJQJSWFU,120747
BTMOEMEP,XIIEJNEE,6753
EVBVXETX,WQMVCOEM,3400
VUAFAIYJ,FCYBOAXC,101460503
GKQIJYDH,FWUCPMMW,2678
ATLDMDBO,EVBVXETX,4847300
BTMOEMEP,QRKRBYJL,3106406
WBLJNPZQ,MIRCVAMV,2272
MIRCVAMV,DBWLZWNK,294736
FRHNWLNI,QRKRBYJL,3118286
BLANHGYY,TGOELCAG,6211
FWUCPMMW,JSLXRQOK,2114
IGDVVKUD,BLANHGYY,9038
QVLMOEYE,OXKURKXR,98912
OKMBFVKS,ELQGMQWE,445336
RCBZUSIM,ZKENOUDA,259680
DBWLZWNK,FRHNWLNI,1059310
OGAFEHLU,UGEQLMXM,173728
BTMOEMEP,SDWAYPIK,5974666
ZKENOUDA,NAQIHUKZ,49711
BTMOEMEP,BEZYMBBT,3734428
RAWUKQMJ,SAHWCZNH,2148341
HCDTGMST,DDEXPPXU,12322
KJNSOAHR,BTMOEMEP,9544523
XIFHSOWQ,FRHNWLNI,1063545
JPBRUTWP,LPHPPJUG,1138658
DBWLZWNK,DUCMGGNW,936989
APQGTRMF,DEWLVASR,273782
LRVGFDFM,BLANHGYY,9038
FTSVTTSR,ZKENOUDA,260826
WBLJNPZQ,QKXNTIIB,1734493
SNHYOVBM,BLANHGYY,9038
OXKURKXR,BJALXPFS,148643
OGAFEHLU,XUOIQPFL,2873230
SAAYMURU,FWUCPMMW,2667
BSRMSVTC,MBSBZBXA,4431125
RCBZUSIM,RAWUKQMJ,3882419
OGAFEHLU,XIFHSOWQ,61700
OKMBFVKS,IGDVVKUD,2526
AXULOHBQ,PYZMVUWD,973
OKMBFVKS,FDXPMYGF,875
APQGTRMF,RCBZUSIM,10667
APQGTRMF,WBLJNPZQ,193349
QVLMOEYE,APQGTRMF,52366
JPBRUTWP,FDXPMYGF,875
OXKURKXR,JBVHSUWY,297098
WPQXWHYO,ZXERAXWP,26279
XIIEJNEE,SNHYOVBM,355320
VMAQSTJE,SNHYOVBM,353898
BJALXPFS,SNHYOVBM,355474
DNMPSKTB,VWMBASNE,187457
OXKURKXR,DEWLVASR,273651
APQGTRMF,BSRMSVTC,228893
PYZMVUWD,XMKRPGLB,913072
SAHWCZNH,JBVHSUWY,296899
JPBRUTWP,OKMBFVKS,2010668
STZDBITS,XIIEJNEE,6753
LLHREMKS,YSYHGLQK,1149
ZGJXVMNI,MBSBZBXA,4439484
QRKRBYJL,UXSPKBJR,465290
RJGPVEXX,NAQIHUKZ,49918
UXSPKBJR,UGEQLMXM,174061
NAQIHUKZ,DBWLZWNK,292852
ATLDMDBO,IGDVVKUD,2531
CCLHWFWF,DUCMGGNW,940234
ATLDMDBO,FDXPMYGF,870
BTMOEMEP,BUZIIBYG,15619940
OKMBFVKS,LLHREMKS,28233
OKMBFVKS,RJGPVEXX,559668
XMKRPGLB,LSOIUSXD,106775
BTMOEMEP,LPHPPJUG,1135656
RJGPVEXX,UQYUIVVR,3609281
OXKURKXR,BEZYMBBT,3734795
EVBVXETX,AXULOHBQ,78643
XUOIQPFL,DEWLVASR,274918
FRHNWLNI,LPHPPJUG,1138660
ATLDMDBO,FQCLOEXA,1589416
ATLDMDBO,OKMBFVKS,2010529
ZXERAXWP,AANGBULD,124145
AHMDUILJ,ATLDMDBO,40760445
RJGPVEXX,SAHWCZNH,2156960
HCDTGMST,AHMDUILJ,94437
NZKBIBNU,XIFHSOWQ,61641
FQCLOEXA,FITUEHWN,65553
VWMBASNE,NZKBIBNU,203149
SAHWCZNH,RCBZUSIM,10740
UXSPKBJR,XUOIQPFL,2882213
JPBRUTWP,VMAQSTJE,57177
NZKBIBNU,ZCELVYQU,28569
LPHPPJUG,PYZMVUWD,973
XIPPENFQ,LPHPPJUG,1137784
XIIEJNEE,ATLDMDBO,40763904
TGOELCAG,PYZMVUWD,973
BJALXPFS,ATLDMDBO,40796520
GKQIJYDH,ZXERAXWP,26261
XUOIQPFL,RCBZUSIM,10679
BTMOEMEP,IGDVVKUD,2518
APQGTRMF,FQCLOEXA,1590393
JSLXRQOK,SAAYMURU,30107
XUOIQPFL,WBLJNPZQ,193640
KAGJCHMR,UGEQLMXM,173214
BTMOEMEP,FDXPMYGF,882
AANGBULD,ZGJXVMNI,2523177
UQYUIVVR,OGAFEHLU,190866
FRHNWLNI,IGDVVKUD,2518
HCDTGMST,SUOYXCHP,97
FRHNWLNI,FDXPMYGF,875
VBYCLTYZ,GYHKIVQT,24253619
VMAQSTJE,ZGJXVMNI,2522514
RJGPVEXX,MIRCVAMV,2272
VUAFAIYJ,LLHREMKS,28246
AHMDUILJ,QVLMOEYE,1218244
FWUCPMMW,FTSVTTSR,137650
GYHKIVQT,PYZMVUWD,973
BTMOEMEP,OKMBFVKS,2008194
XIIEJNEE,JPBRUTWP,5452618
QJQJSWFU,RCBZUSIM,10755
BSRMSVTC,XUOIQPFL,2882562
BUZIIBYG,FWUCPMMW,2681
CCLHWFWF,VUAFAIYJ,502329
FTSVTTSR,DBWLZWNK,294536
KJNSOAHR,GYHKIVQT,24354275
BLANHGYY,UQYUIVVR,3573739
BSRMSVTC,XIFHSOWQ,60866
HCDTGMST,QKXNTIIB,1732331
UXSPKBJR,QVLMOEYE,1219667
BTMOEMEP,RJGPVEXX,557887
ZXERAXWP,UIFPPCLR,56953
HCDTGMST,VWMBASNE,187837
OXKURKXR,LPHPPJUG,1134069
WBLJNPZQ,HXYSSRXE,5207667
ELQGMQWE,KJNSOAHR,9212518
FQCLOEXA,ZKENOUDA,260537
STZDBITS,BUZIIBYG,15624780
MIRCVAMV,ZGJXVMNI,2515624
RJGPVEXX,VWMBASNE,190448
LSOIUSXD,QVLMOEYE,1221550
OGAFEHLU,BEZYMBBT,3716943
OKMBFVKS,UXSPKBJR,465936
ZXERAXWP,FWUCPMMW,2676
EVBVXETX,ZGJXVMNI,2514415
WQMVCOEM,OGAFEHLU,359
NAQIHUKZ,SNHYOVBM,356204
AHMDUILJ,WPQXWHYO,10910186
ZGJXVMNI,XIFHSOWQ,61207
QVLMOEYE,VWMBASNE,189150
UGEQLMXM,SNHYOVBM,355658
XMKRPGLB,ROACSLMG,2254319
DNMPSKTB,HXYSSRXE,5190926
RAWUKQMJ,ZKENOUDA,260993
RCBZUSIM,AXULOHBQ,78777
AANGBULD,WPQXWHYO,10885147
AHMDUILJ,XIIEJNEE,6753
ATLDMDBO,FRHNWLNI,1061553
VWMBASNE,WPQXWHYO,10921027
VMAQSTJE,WPQXWHYO,10938150
EVBVXETX,QVLMOEYE,1220422
BLANHGYY,OGAFEHLU,13529
AHMDUILJ,QRKRBYJL,3100597
ATLDMDBO,UXSPKBJR,465636
NZKBIBNU,DEWLVASR,274741
ROACSLMG,HCDTGMST,202837
AXULOHBQ,XIFHSOWQ,60954
VWMBASNE,LRVGFDFM,7127274
LPHPPJUG,NZKBIBNU,203584
XIIEJNEE,LRVGFDFM,7101082
QKXNTIIB,BLANHGYY,9038
BJALXPFS,XIIEJNEE,6753
CCLHWFWF,VBYCLTYZ,326543
JSLXRQOK,KJNSOAHR,9223380
QRKRBYJL,VBYCLTYZ,325702
UXSPKBJR,QRKRBYJL,3118934
FDXPMYGF,BJALXPFS,148517
APQGTRMF,FRHNWLNI,1059424
JBVHSUWY,ELQGMQWE,447525
AANGBULD,SDWAYPIK,5941257
UGEQLMXM,ATLDMDBO,40854089
LSOIUSXD,LRVGFDFM,7113721
UXSPKBJR,SDWAYPIK,5963698
EVBVXETX,BJALXPFS,148789
GYHKIVQT,NZKBIBNU,204094
VWMBASNE,FCYBOAXC,101292283
VMAQSTJE,BEZYMBBT,3731378
OXKURKXR,VMAQSTJE,56736
FTSVTTSR,SNHYOVBM,357012
BTMOEMEP,UXSPKBJR,464240
SAAYMURU,QJQJSWFU,120867
GYHKIVQT,ATLDMDBO,40877920
EVBVXETX,WPQXWHYO,10939307
ELQGMQWE,AANGBULD,123595
SAAYMURU,KAGJCHMR,8753
BSRMSVTC,JBVHSUWY,297205
LRVGFDFM,XMKRPGLB,913187
TGOELCAG,JPBRUTWP,5465711
KEUWZRKO,WQMVCOEM,3400
UGEQLMXM,JPBRUTWP,5475995
FQCLOEXA,WQMVCOEM,3400
BUZIIBYG,WHPUAOID,28960
AANGBULD,EVBVXETX,4845795
VWMBASNE,EVBVXETX,4859108
LSOIUSXD,FCYBOAXC,101322068
RCBZUSIM,XUOIQPFL,2870356
VMAQSTJE,EVBVXETX,4859149
WPQXWHYO,PYZMVUWD,973
GYHKIVQT,JPBRUTWP,5452859
JERHKLYW,XUOIQPFL,2876046
EVBVXETX,QRKRBYJL,3103481
ELQGMQWE,OXKURKXR,99627
OKMBFVKS,DJBLNPNC,313
MIRCVAMV,FCYBOAXC,101349182
ZGJXVMNI,JBVHSUWY,297446
BLANHGYY,YSYHGLQK,1153
LSOIUSXD,EVBVXETX,4854232
ZGJXVMNI,DEWLVASR,274027
JPBRUTWP,BTMOEMEP,9520507
RCBZUSIM,ZGJXVMNI,2522988
DBWLZWNK,APQGTRMF,52233
JBVHSUWY,OKMBFVKS,1998301
AHMDUILJ,BUZIIBYG,15548476
QRKRBYJL,OXKURKXR,99347
LLHREMKS,MBSBZBXA,4433261
ZXERAXWP,WHPUAOID,28327
OJIFIHMZ,JERHKLYW,8894
OXKURKXR,JSLXRQOK,2114
QVLMOEYE,HXYSSRXE,5189339
JBVHSUWY,LLHREMKS,28151
RCBZUSIM,QVLMOEYE,1219081
OJIFIHMZ,NAQIHUKZ,492891
VMAQSTJE,LPHPPJUG,1138774
UXSPKBJR,LPHPPJUG,1134814
DBWLZWNK,NAQIHUKZ,26890
IGDVVKUD,BSRMSVTC,229411
KJNSOAHR,FITUEHWN,65559
ZGJXVMNI,RCBZUSIM,10787
ZCELVYQU,ATLDMDBO,40710174
DJBLNPNC,DNMPSKTB,5657467
AHMDUILJ,IGDVVKUD,2520
LRVGFDFM,RCBZUSIM,10728
WBLJNPZQ,AXULOHBQ,78659
DNMPSKTB,MBSBZBXA,4437221
JPBRUTWP,VBYCLTYZ,326292
TGOELCAG,XMKRPGLB,898466
UGEQLMXM,LRVGFDFM,7171799
WQMVCOEM,HXYSSRXE,5196531
ZXERAXWP,YSYHGLQK,1148
RCBZUSIM,BJALXPFS,148753
OJIFIHMZ,AHMDUILJ,94700
CCLHWFWF,FWUCPMMW,2670
MIRCVAMV,LPHPPJUG,1136387
XIIEJNEE,IGDVVKUD,2528
AXULOHBQ,WBLJNPZQ,193972
XIFHSOWQ,SAHWCZNH,2157319
ATLDMDBO,VBYCLTYZ,326841
FQCLOEXA,AXULOHBQ,79396
QRKRBYJL,DNMPSKTB,5269719
EVBVXETX,BUZIIBYG,15609453
AANGBULD,OKMBFVKS,2002465
BLANHGYY,HXYSSRXE,5192200
VBYCLTYZ,ZKENOUDA,261424
AXULOHBQ,BSRMSVTC,230861
BEZYMBBT,APQGTRMF,52209
BJALXPFS,OKMBFVKS,2001918
WBLJNPZQ,UGEQLMXM,173241
XIFHSOWQ,AHMDUILJ,94506
SDWAYPIK,JBVHSUWY,296534
VUAFAIYJ,VBYCLTYZ,324372
WPQXWHYO,NZKBIBNU,203819
ZGJXVMNI,FQCLOEXA,1591367
RAWUKQMJ,AXULOHBQ,78912
BJALXPFS,RJGPVEXX,558698
QJQJSWFU,HCDTGMST,2693
XIFHSOWQ,MIRCVAMV,2272
SAHWCZNH,KJNSOAHR,9208250
QVLMOEYE,BLANHGYY,9038
BTMOEMEP,VBYCLTYZ,326300
AHMDUILJ,KEUWZRKO,307140
PYZMVUWD,VUAFAIYJ,501080
ATLDMDBO,AANGBULD,125639
FTSVTTSR,XIIEJNEE,6753
EVBVXETX,FDXPMYGF,875
UXSPKBJR,VMAQSTJE,56921
WBLJNPZQ,XUOIQPFL,2882768
FRHNWLNI,VBYCLTYZ,325876
SAHWCZNH,LUENUFGA,3898267
VBYCLTYZ,RAWUKQMJ,3878681
XUOIQPFL,KJNSOAHR,9232130
SDWAYPIK,RCBZUSIM,10705
LPHPPJUG,WBLJNPZQ,193369
SDWAYPIK,WBLJNPZQ,193450
WBLJNPZQ,XIFHSOWQ,60981
LPHPPJUG,ELQGMQWE,445094
AXULOHBQ,FQCLOEXA,1595747
DEWLVASR,JBVHSUWY,297077
JSLXRQOK,NAQIHUKZ,410
CCLHWFWF,LSOIUSXD,107261
VMAQSTJE,KEUWZRKO,305728
ATLDMDBO,OXKURKXR,99488
OXKURKXR,BTMOEMEP,9554175
FTSVTTSR,BEZYMBBT,3733477
QRKRBYJL,LSOIUSXD,107203
UGEQLMXM,ELQGMQWE,444737
WQMVCOEM,BLANHGYY,9038
HCDTGMST,MBSBZBXA,4426929
KEUWZRKO,ATLDMDBO,40697809
XIFHSOWQ,VWMBASNE,188520
BSRMSVTC,VMAQSTJE,57158
PYZMVUWD,KJNSOAHR,9206254
GYHKIVQT,WBLJNPZQ,194097
FDXPMYGF,VMAQSTJE,57038
OXKURKXR,FTSVTTSR,141695
OKMBFVKS,UIFPPCLR,56648
ZKENOUDA,UGEQLMXM,173914
HXYSSRXE,VWMBASNE,188047
GYHKIVQT,ELQGMQWE,446094
QRKRBYJL,OGAFEHLU,138735
LTOYKIML,JPBRUTWP,5460120
OJIFIHMZ,STZDBITS,21572258
DNMPSKTB,XIFHSOWQ,60954
VUAFAIYJ,OXKURKXR,99031
KEUWZRKO,ZGJXVMNI,2513357
JPBRUTWP,UIFPPCLR,56887
BLANHGYY,PYZMVUWD,973
VBYCLTYZ,WQMVCOEM,3400
OKMBFVKS,DNMPSKTB,5256331
DBWLZWNK,YSYHGLQK,1152
JPBRUTWP,DNMPSKTB,5278912
DUCMGGNW,OGAFEHLU,134503
EVBVXETX,KEUWZRKO,308035
XIIEJNEE,FRHNWLNI,1054945
ZKENOUDA,XUOIQPFL,2891070
CCLHWFWF,VWMBASNE,187844
CCLHWFWF,WHPUAOID,28984
UGEQLMXM,IGDVVKUD,2530
MBSBZBXA,JBVHSUWY,296560
RCBZUSIM,LPHPPJUG,1137710
SUOYXCHP,FQCLOEXA,1594340
LPHPPJUG,FQCLOEXA,1593754
SDWAYPIK,FQCLOEXA,1591140
IGDVVKUD,FRHNWLNI,1061353
RAWUKQMJ,ZGJXVMNI,2517107
XIIEJNEE,UXSPKBJR,463905
VBYCLTYZ,DBWLZWNK,296360
QVLMOEYE,AXULOHBQ,78637
UIFPPCLR,DUCMGGNW,936686
ATLDMDBO,APQGTRMF,51730
NAQIHUKZ,OKMBFVKS,1996291
UGEQLMXM,FQCLOEXA,1589419
WBLJNPZQ,BJALXPFS,148626
XIIEJNEE,DUCMGGNW,936880
ZKENOUDA,ZCELVYQU,28528
ZKENOUDA,ZGJXVMNI,2523483
SUOYXCHP,RJGPVEXX,556645
LPHPPJUG,RJGPVEXX,556157
GYHKIVQT,FQCLOEXA,1594316
ELQGMQWE,YSYHGLQK,1154
RJGPVEXX,UGEQLMXM,174717
ZCELVYQU,WBLJNPZQ,193514
LSOIUSXD,DUCMGGNW,936765
SNHYOVBM,FRHNWLNI,1062115
BTMOEMEP,UIFPPCLR,56985
EVBVXETX,JSLXRQOK,2114
OGAFEHLU,BTMOEMEP,9516791
ZCELVYQU,ELQGMQWE,445129
FRHNWLNI,UIFPPCLR,57516
QVLMOEYE,UGEQLMXM,174294
KEUWZRKO,WPQXWHYO,10943649
ZKENOUDA,QVLMOEYE,1221294
WBLJNPZQ,DEWLVASR,273734
DEWLVASR,FQCLOEXA,1586234
FQCLOEXA,WPQXWHYO,10947332
GYHKIVQT,RJGPVEXX,559771
LTOYKIML,XIIEJNEE,6753
BEZYMBBT,STZDBITS,21581889
BTMOEMEP,DNMPSKTB,5284786
HCDTGMST,XIFHSOWQ,61439
FRHNWLNI,DNMPSKTB,5276911
JPBRUTWP,LSOIUSXD,107249
BEZYMBBT,YSYHGLQK,1151
NZKBIBNU,LUENUFGA,3896479
DBWLZWNK,HXYSSRXE,5195159
RAWUKQMJ,BJALXPFS,149088
OKMBFVKS,OGAFEHLU,172905
DNMPSKTB,JBVHSUWY,296656
GKQIJYDH,XMKRPGLB,905629
DNMPSKTB,DEWLVASR,273409
RJGPVEXX,XIFHSOWQ,61635
VWMBASNE,VUAFAIYJ,499387
FTSVTTSR,OKMBFVKS,1998858
JSLXRQOK,STZDBITS,21591819
QVLMOEYE,XUOIQPFL,2872252
OXKURKXR,GYHKIVQT,24269344
RAWUKQMJ,WPQXWHYO,10888377
JPBRUTWP,OGAFEHLU,604539
FRHNWLNI,XIPPENFQ,97118
VBYCLTYZ,AXULOHBQ,78683
RJGPVEXX,ZCELVYQU,28572
UXSPKBJR,LUENUFGA,3894142
RCBZUSIM,VMAQSTJE,56699
LSOIUSXD,VUAFAIYJ,500192
FWUCPMMW,WQMVCOEM,3400
VUAFAIYJ,LSOIUSXD,107204
XUOIQPFL,APQGTRMF,51741
NZKBIBNU,FTSVTTSR,141227
UIFPPCLR,KJNSOAHR,9238417
DNMPSKTB,RCBZUSIM,10770
ELQGMQWE,HXYSSRXE,5203822
SDWAYPIK,FRHNWLNI,1062259
KEUWZRKO,EVBVXETX,4865128
STZDBITS,OJIFIHMZ,2546939
UXSPKBJR,BTMOEMEP,9558324
FQCLOEXA,EVBVXETX,4870978
OKMBFVKS,ZXERAXWP,27022
PYZMVUWD,DDEXPPXU,12298
TGOELCAG,FRHNWLNI,1058518
QJQJSWFU,GYHKIVQT,24318593
BSRMSVTC,LUENUFGA,3898246
ZKENOUDA,QRKRBYJL,3121860
WQMVCOEM,XIFHSOWQ,61450
VUAFAIYJ,OGAFEHLU,61036
UGEQLMXM,UXSPKBJR,465801
AXULOHBQ,HCDTGMST,8923
ZKENOUDA,SDWAYPIK,5957552
DJBLNPNC,WQMVCOEM,3400
TGOELCAG,DUCMGGNW,937446
ZKENOUDA,BEZYMBBT,3743935
ATLDMDBO,VWMBASNE,188663
ZGJXVMNI,KJNSOAHR,9233886
AHMDUILJ,VBYCLTYZ,325491
YSYHGLQK,OXKURKXR,98998
UGEQLMXM,DUCMGGNW,937146
STZDBITS,FWUCPMMW,2669
BTMOEMEP,OGAFEHLU,1245476
RAWUKQMJ,EVBVXETX,4844916
BEZYMBBT,HXYSSRXE,5189417
VBYCLTYZ,XUOIQPFL,2881982
DBWLZWNK,BLANHGYY,9038
EVBVXETX,BTMOEMEP,9564064
QVLMOEYE,BJALXPFS,148917
VUAFAIYJ,ZXERAXWP,26146
OGAFEHLU,GYHKIVQT,25632053
SAHWCZNH,MIRCVAMV,2272
VBYCLTYZ,ZGJXVMNI,2517246
HXYSSRXE,BLANHGYY,9038
KJNSOAHR,ATLDMDBO,40787869
HCDTGMST,BEZYMBBT,3737121
XMKRPGLB,BSRMSVTC,230982
SUOYXCHP,HCDTGMST,1700
SDWAYPIK,HCDTGMST,404997
JBVHSUWY,UIFPPCLR,56112
QVLMOEYE,DEWLVASR,273454
UIFPPCLR,AANGBULD,123984
PYZMVUWD,AHMDUILJ,94663
VBYCLTYZ,QVLMOEYE,1221132
RJGPVEXX,BEZYMBBT,3733378
HCDTGMST,RCBZUSIM,10670
JBVHSUWY,APQGTRMF,52082
EVBVXETX,VBYCLTYZ,324933
FDXPMYGF,TGOELCAG,6208
ZKENOUDA,LPHPPJUG,1138679
FCYBOAXC,LUENUFGA,3902282
ZXERAXWP,CCLHWFWF,19730371
PYZMVUWD,MIRCVAMV,2272
KJNSOAHR,QVLMOEYE,1218955
LPHPPJUG,DJBLNPNC,313
BUZIIBYG,XMKRPGLB,900680
QVLMOEYE,RCBZUSIM,10720
WBLJNPZQ,VMAQSTJE,57098
SDWAYPIK,KJNSOAHR,9207520
KEUWZRKO,RJGPVEXX,559622
AANGBULD,GYHKIVQT,24237151
RAWUKQMJ,FDXPMYGF,874
UGEQLMXM,DJBLNPNC,313
UXSPKBJR,GYHKIVQT,24231747
VBYCLTYZ,BJALXPFS,148776
DBWLZWNK,AXULOHBQ,78612
QKXNTIIB,SAAYMURU,30411
BLANHGYY,JBVHSUWY,295970
GYHKIVQT,KJNSOAHR,9251297
NZKBIBNU,NAQIHUKZ,16735
AANGBULD,GKQIJYDH,7187730
XIFHSOWQ,AXULOHBQ,78993
PYZMVUWD,VWMBASNE,189196
VMAQSTJE,OJIFIHMZ,2523155
ATLDMDBO,HXYSSRXE,5204096
RAWUKQMJ,RJGPVEXX,556567
LUENUFGA,KJNSOAHR,9249044
ROACSLMG,WQMVCOEM,3400
RCBZUSIM,BTMOEMEP,9557055
FQCLOEXA,KEUWZRKO,306286
APQGTRMF,ZKENOUDA,259738
VMAQSTJE,UIFPPCLR,57181
NZKBIBNU,SAHWCZNH,2159166
VBYCLTYZ,QRKRBYJL,3128852
DEWLVASR,KJNSOAHR,9244945
FRHNWLNI,QJQJSWFU,120969
UIFPPCLR,APQGTRMF,51875
BLANHGYY,WBLJNPZQ,192949
XIIEJNEE,APQGTRMF,52017
DDEXPPXU,OJIFIHMZ,2546379
KAGJCHMR,GYHKIVQT,24309255
KJNSOAHR,XIIEJNEE,6753
AANGBULD,DNMPSKTB,5273633
VBYCLTYZ,SDWAYPIK,5972670
NAQIHUKZ,TGOELCAG,6255
LSOIUSXD,UIFPPCLR,56467
VBYCLTYZ,BEZYMBBT,3734365
KJNSOAHR,QRKRBYJL,3113424
UXSPKBJR,DNMPSKTB,5279466
MBSBZBXA,HCDTGMST,381546
BLANHGYY,BSRMSVTC,230103
ZKENOUDA,VMAQSTJE,57244
RAWUKQMJ,KEUWZRKO,304749
HXYSSRXE,UGEQLMXM,173224
XIPPENFQ,RAWUKQMJ,3886042
LSOIUSXD,DNMPSKTB,5258279
STZDBITS,YSYHGLQK,1151
FQCLOEXA,JSLXRQOK,2114
ZXERAXWP,DEWLVASR,274160
KAGJCHMR,JERHKLYW,8916
KJNSOAHR,FCYBOAXC,101545434
LTOYKIML,UXSPKBJR,465304
APQGTRMF,RAWUKQMJ,3878762
SDWAYPIK,AANGBULD,125530
OKMBFVKS,PYZMVUWD,973
BSRMSVTC,SAHWCZNH,2154730
FDXPMYGF,DNMPSKTB,5271565
JPBRUTWP,PYZMVUWD,973
RCBZUSIM,TGOELCAG,6222
KJNSOAHR,EVBVXETX,4873959
ZGJXVMNI,NAQIHUKZ,143931
JBVHSUWY,WHPUAOID,28518
XUOIQPFL,ZKENOUDA,262273
EVBVXETX,DNMPSKTB,5259118
GYHKIVQT,AANGBULD,125994
ZXERAXWP,WBLJNPZQ,193713
HXYSSRXE,XIFHSOWQ,60878
ATLDMDBO,BLANHGYY,9038
BLANHGYY,FQCLOEXA,1587788
OGAFEHLU,ZXERAXWP,26120
UGEQLMXM,OXKURKXR,99281
ELQGMQWE,XUOIQPFL,2887579
QJQJSWFU,ZKENOUDA,261488
ZGJXVMNI,SAHWCZNH,2155986
AANGBULD,LSOIUSXD,107260
VWMBASNE,LSOIUSXD,107102
EVBVXETX,XIPPENFQ,97133
OXKURKXR,RAWUKQMJ,3888438
LLHREMKS,KJNSOAHR,9206379
VBYCLTYZ,LPHPPJUG,1136178
SAHWCZNH,RAWUKQMJ,3872380
XMKRPGLB,SAAYMURU,30178
NAQIHUKZ,GKQIJYDH,7165935
VMAQSTJE,OGAFEHLU,11464
KJNSOAHR,BUZIIBYG,15593563
LPHPPJUG,DDEXPPXU,12430
XUOIQPFL,RAWUKQMJ,3891340
AXULOHBQ,SAHWCZNH,2147532
FWUCPMMW,XIIEJNEE,6753
BEZYMBBT,XUOIQPFL,2871726
APQGTRMF,DBWLZWNK,294057
IGDVVKUD,SUOYXCHP,96
WPQXWHYO,KJNSOAHR,9250462
LTOYKIML,VUAFAIYJ,500407
FCYBOAXC,JERHKLYW,8986
SNHYOVBM,AHMDUILJ,94372
QKXNTIIB,FTSVTTSR,141424
NZKBIBNU,FITUEHWN,65365
DBWLZWNK,BJALXPFS,148935
RCBZUSIM,GYHKIVQT,24236317
MIRCVAMV,LSOIUSXD,106999
SDWAYPIK,APQGTRMF,52290
DNMPSKTB,KJNSOAHR,9236576
VBYCLTYZ,FDXPMYGF,875
UGEQLMXM,APQGTRMF,52029
WBLJNPZQ,BTMOEMEP,9557868
UXSPKBJR,FITUEHWN,65326
XIIEJNEE,WHPUAOID,28523
DJBLNPNC,LRVGFDFM,7073216
UGEQLMXM,FWUCPMMW,2676
SAHWCZNH,WQMVCOEM,3400
KJNSOAHR,IGDVVKUD,2524
VMAQSTJE,ZXERAXWP,26706
GYHKIVQT,APQGTRMF,52340
DBWLZWNK,DEWLVASR,273154
OGAFEHLU,QJQJSWFU,121057
WQMVCOEM,FRHNWLNI,1061256
AXULOHBQ,SUOYXCHP,97
BSRMSVTC,STZDBITS,21579020
ROACSLMG,XUOIQPFL,2883285
LSOIUSXD,ZXERAXWP,26245
DEWLVASR,APQGTRMF,52010
BSRMSVTC,FITUEHWN,65424
FTSVTTSR,GKQIJYDH,7184672
FDXPMYGF,FITUEHWN,65683
JPBRUTWP,ATLDMDBO,40935059
HXYSSRXE,JBVHSUWY,296616
LLHREMKS,AANGBULD,123353
RCBZUSIM,DNMPSKTB,5263860
HXYSSRXE,DEWLVASR,274214
XUOIQPFL,DBWLZWNK,295739
FCYBOAXC,MIRCVAMV,2272
NZKBIBNU,ZKENOUDA,260186
GYHKIVQT,UQYUIVVR,3609459
APQGTRMF,AXULOHBQ,78494
XIIEJNEE,ROACSLMG,2251509
TGOELCAG,AHMDUILJ,94138
ELQGMQWE,DEWLVASR,273648
IGDVVKUD,ROACSLMG,2255071
JERHKLYW,AHMDUILJ,94258
WPQXWHYO,AANGBULD,124576
BUZIIBYG,FRHNWLNI,1061231
STZDBITS,PYZMVUWD,973
FQCLOEXA,VBYCLTYZ,325986
CCLHWFWF,JBVHSUWY,297072
QRKRBYJL,JBVHSUWY,295503
FQCLOEXA,TGOELCAG,6359
OGAFEHLU,WQMVCOEM,3400
HXYSSRXE,BSRMSVTC,228532
LRVGFDFM,ROACSLMG,2250332
LUENUFGA,AHMDUILJ,94410
HCDTGMST,LUENUFGA,3898012
BEZYMBBT,DEWLVASR,274266
AANGBULD,LTOYKIML,382087
RJGPVEXX,LUENUFGA,3894659
LUENUFGA,MIRCVAMV,2272
CCLHWFWF,WBLJNPZQ,193146
MBSBZBXA,JERHKLYW,8871
OGAFEHLU,DBWLZWNK,295096
FWUCPMMW,FDXPMYGF,883
KAGJCHMR,ZKENOUDA,259850
QRKRBYJL,RCBZUSIM,10781
SDWAYPIK,VWMBASNE,188324
QRKRBYJL,WBLJNPZQ,192803
UIFPPCLR,HXYSSRXE,5178420
NAQIHUKZ,WHPUAOID,28717
JSLXRQOK,DEWLVASR,272553
HCDTGMST,BTMOEMEP,9560839
QKXNTIIB,JERHKLYW,8858
APQGTRMF,XUOIQPFL,2878746
UGEQLMXM,VWMBASNE,187433
UGEQLMXM,WHPUAOID,28555
WBLJNPZQ,GYHKIVQT,24220669
BLANHGYY,HCDTGMST,848
ZGJXVMNI,ZKENOUDA,260710
XIIEJNEE,HXYSSRXE,5165042
LTOYKIML,OXKURKXR,99612
FRHNWLNI,JPBRUTWP,5469406
QKXNTIIB,NAQIHUKZ,207780
MIRCVAMV,KAGJCHMR,8771
VUAFAIYJ,CCLHWFWF,19699680
GYHKIVQT,VWMBASNE,188796
XIPPENFQ,ZGJXVMNI,2512942
DJBLNPNC,FDXPMYGF,873
NZKBIBNU,WQMVCOEM,3400
FWUCPMMW,LLHREMKS,31258
QVLMOEYE,BTMOEMEP,9570133
ROACSLMG,QRKRBYJL,3123037
MIRCVAMV,LTOYKIML,379903
APQGTRMF,ZGJXVMNI,2522795
XIPPENFQ,JPBRUTWP,5459423
LUENUFGA,VWMBASNE,189030
WBLJNPZQ,JERHKLYW,8885
MBSBZBXA,AHMDUILJ,94451
IGDVVKUD,RAWUKQMJ,3876260
DEWLVASR,VWMBASNE,190133
UXSPKBJR,WQMVCOEM,3400
XUOIQPFL,UGEQLMXM,174271
AXULOHBQ,ZKENOUDA,261035
LTOYKIML,OJIFIHMZ,2521751
ROACSLMG,BEZYMBBT,3732566
TGOELCAG,YSYHGLQK,1148
APQGTRMF,QVLMOEYE,1219399
ZGJXVMNI,RAWUKQMJ,3874690
OXKURKXR,ATLDMDBO,40867679
KEUWZRKO,UIFPPCLR,57149
QRKRBYJL,FQCLOEXA,1589145
UGEQLMXM,ROACSLMG,2256287
GKQIJYDH,DDEXPPXU,12484
FDXPMYGF,WQMVCOEM,3400
ZKENOUDA,GYHKIVQT,24319246
SAHWCZNH,ZGJXVMNI,2514090
BTMOEMEP,LRVGFDFM,7135391
APQGTRMF,BJALXPFS,148598
ATLDMDBO,DEWLVASR,274615
NAQIHUKZ,KAGJCHMR,8645
XUOIQPFL,ZGJXVMNI,2526631
OKMBFVKS,RCBZUSIM,10730
WPQXWHYO,AHMDUILJ,94645
OXKURKXR,QVLMOEYE,1220598
KEUWZRKO,XIPPENFQ,96727
OKMBFVKS,WBLJNPZQ,192943
VMAQSTJE,PYZMVUWD,973
FQCLOEXA,XIPPENFQ,96920
VBYCLTYZ,BTMOEMEP,9567518
ZXERAXWP,KJNSOAHR,9238802
DUCMGGNW,RJGPVEXX,557180
PYZMVUWD,XIFHSOWQ,61586
IGDVVKUD,DBWLZWNK,296710
JPBRUTWP,ELQGMQWE,445235
RAWUKQMJ,DNMPSKTB,5274644
WPQXWHYO,MIRCVAMV,2272
XUOIQPFL,QVLMOEYE,1214758
UQYUIVVR,UIFPPCLR,57289
LPHPPJUG,HXYSSRXE,5205758
SDWAYPIK,HXYSSRXE,5185569
LLHREMKS,QKXNTIIB,1733466
APQGTRMF,QRKRBYJL,3109194
ATLDMDBO,RCBZUSIM,10799
ATLDMDBO,WBLJNPZQ,193901
FWUCPMMW,DUCMGGNW,929072
ZKENOUDA,DNMPSKTB,5282979
UGEQLMXM,HXYSSRXE,5187946
FDXPMYGF,PYZMVUWD,973
QJQJSWFU,QVLMOEYE,1219806
LRVGFDFM,DBWLZWNK,294902
XIPPENFQ,FCYBOAXC,101452688
APQGTRMF,SDWAYPIK,5947531
ATLDMDBO,BSRMSVTC,229517
DBWLZWNK,JSLXRQOK,2114
DJBLNPNC,FRHNWLNI,1054580
SAHWCZNH,BJALXPFS,148792
RJGPVEXX,GYHKIVQT,24333086
APQGTRMF,BEZYMBBT,3728501
DEWLVASR,ZKENOUDA,260501
SNHYOVBM,DBWLZWNK,295873
OGAFEHLU,ATLDMDBO,40754681
GYHKIVQT,HXYSSRXE,5203217
VUAFAIYJ,WBLJNPZQ,193060
DJBLNPNC,UXSPKBJR,462014
WHPUAOID,FITUEHWN,65343
MBSBZBXA,ROACSLMG,2248434
SAHWCZNH,WPQXWHYO,10933545
QVLMOEYE,GYHKIVQT,24334253
HCDTGMST,JERHKLYW,8906
BJALXPFS,MBSBZBXA,4419980
WPQXWHYO,VWMBASNE,188876
JERHKLYW,RAWUKQMJ,3868718
DJBLNPNC,DUCMGGNW,1029260
JPBRUTWP,IGDVVKUD,2516
LUENUFGA,HXYSSRXE,5194489
OGAFEHLU,ZGJXVMNI,2521900
LLHREMKS,STZDBITS,21575347
FTSVTTSR,KAGJCHMR,8818
QRKRBYJL,FRHNWLNI,1062765
OGAFEHLU,JPBRUTWP,5768670
OXKURKXR,QRKRBYJL,3118240
KJNSOAHR,VBYCLTYZ,326636
BTMOEMEP,WBLJNPZQ,194255
JPBRUTWP,FQCLOEXA,1589747
SAAYMURU,UQYUIVVR,3550553
STZDBITS,XMKRPGLB,911759
XMKRPGLB,AHMDUILJ,93953
HCDTGMST,SAHWCZNH,2156576
BTMOEMEP,BSRMSVTC,228399
OXKURKXR,SDWAYPIK,5962426
OGAFEHLU,QVLMOEYE,1286611
DEWLVASR,RAWUKQMJ,3889165
FITUEHWN,DJBLNPNC,313
XUOIQPFL,QRKRBYJL,3111642
JPBRUTWP,RJGPVEXX,559183
LTOYKIML,WHPUAOID,28717
FITUEHWN,KJNSOAHR,9239341
DUCMGGNW,FRHNWLNI,1059337
RAWUKQMJ,OGAFEHLU,486313
AANGBULD,NZKBIBNU,203480
DUCMGGNW,UXSPKBJR,465652
ZGJXVMNI,AXULOHBQ,79307
XUOIQPFL,SDWAYPIK,5948815
QJQJSWFU,QRKRBYJL,3114214
UXSPKBJR,NZKBIBNU,203616
SDWAYPIK,BLANHGYY,9038
XUOIQPFL,BEZYMBBT,3736268
FQCLOEXA,ZXERAXWP,26172
RJGPVEXX,XIPPENFQ,96734
LRVGFDFM,AXULOHBQ,78783
UXSPKBJR,ATLDMDBO,40880851
AHMDUILJ,JPBRUTWP,5444170
QJQJSWFU,SDWAYPIK,5962934
QJQJSWFU,BEZYMBBT,3732222
IGDVVKUD,UGEQLMXM,172950
JERHKLYW,DBWLZWNK,296296
SAAYMURU,SUOYXCHP,94
DDEXPPXU,NZKBIBNU,203440
YSYHGLQK,XMKRPGLB,912064
VMAQSTJE,JPBRUTWP,5468832
UXSPKBJR,JPBRUTWP,5468030
ZGJXVMNI,UGEQLMXM,174609
MIRCVAMV,NZKBIBNU,202559
CCLHWFWF,HCDTGMST,3736480
WBLJNPZQ,ZKENOUDA,262492
OGAFEHLU,LRVGFDFM,7153474
ZKENOUDA,FITUEHWN,65354
OGAFEHLU,XIIEJNEE,6753
OXKURKXR,ELQGMQWE,444839
XIFHSOWQ,LUENUFGA,3904297
LRVGFDFM,UGEQLMXM,174404
EVBVXETX,NZKBIBNU,203741
OGAFEHLU,QRKRBYJL,3106109
WQMVCOEM,AHMDUILJ,94464
IGDVVKUD,XUOIQPFL,2870466
ZKENOUDA,ZXERAXWP,26394
DBWLZWNK,BTMOEMEP,9549255
HXYSSRXE,LUENUFGA,3880298
GKQIJYDH,YSYHGLQK,1148
BLANHGYY,SAHWCZNH,2147378
UQYUIVVR,WHPUAOID,28642
BSRMSVTC,ZGJXVMNI,2520636
EVBVXETX,ATLDMDBO,40701474
SUOYXCHP,MBSBZBXA,4427412
OJIFIHMZ,FTSVTTSR,142032
VWMBASNE,CCLHWFWF,19763664
OKMBFVKS,FRHNWLNI,1061870
ZGJXVMNI,XUOIQPFL,2890796
BSRMSVTC,JPBRUTWP,5462761
KJNSOAHR,GKQIJYDH,7219277
DNMPSKTB,ZKENOUDA,262114
FDXPMYGF,JPBRUTWP,5447673
OGAFEHLU,FCYBOAXC,101329829
JPBRUTWP,FRHNWLNI,1058585
KAGJCHMR,ZGJXVMNI,2520025
XUOIQPFL,LPHPPJUG,1138614
LRVGFDFM,XUOIQPFL,2884952
VBYCLTYZ,DNMPSKTB,5266770
BUZIIBYG,SAHWCZNH,2156802
NZKBIBNU,WPQXWHYO,10924945
JPBRUTWP,UXSPKBJR,465988
WQMVCOEM,SUOYXCHP,93
WBLJNPZQ,RAWUKQMJ,3888292
LSOIUSXD,CCLHWFWF,19826774
KEUWZRKO,QJQJSWFU,121200
QJQJSWFU,BUZIIBYG,15612203
HCDTGMST,STZDBITS,21588185
FQCLOEXA,QJQJSWFU,121131
SDWAYPIK,AXULOHBQ,79030
JPBRUTWP,DUCMGGNW,936512
AHMDUILJ,LRVGFDFM,7131274
OXKURKXR,IGDVVKUD,2525
FQCLOEXA,KAGJCHMR,8715
QJQJSWFU,LPHPPJUG,1137529
OXKURKXR,FDXPMYGF,869
AXULOHBQ,XUOIQPFL,2881005
ZCELVYQU,BLANHGYY,9038
APQGTRMF,VMAQSTJE,57097
NZKBIBNU,XIIEJNEE,6753
ZXERAXWP,NAQIHUKZ,1269
IGDVVKUD,QVLMOEYE,1218036
WHPUAOID,WQMVCOEM,3400
LRVGFDFM,ZGJXVMNI,2521023
MIRCVAMV,CCLHWFWF,19787826
BLANHGYY,SUOYXCHP,97
YSYHGLQK,RCBZUSIM,10725
ELQGMQWE,FTSVTTSR,141945
RJGPVEXX,FITUEHWN,65355
DNMPSKTB,RAWUKQMJ,3887415
OJIFIHMZ,TGOELCAG,6247
ZGJXVMNI,QVLMOEYE,1220699
UXSPKBJR,LRVGFDFM,7153424
KJNSOAHR,XIPPENFQ,97427
STZDBITS,FQCLOEXA,1590710
UXSPKBJR,XIIEJNEE,6753
VMAQSTJE,XMKRPGLB,899755
AXULOHBQ,ZGJXVMNI,2525872
LRVGFDFM,QVLMOEYE,1218101
SDWAYPIK,UGEQLMXM,174196
BSRMSVTC,WPQXWHYO,10922286
BEZYMBBT,BTMOEMEP,9569617
FDXPMYGF,WPQXWHYO,10885924
ZXERAXWP,AHMDUILJ,94539
BTMOEMEP,FRHNWLNI,1062234
QJQJSWFU,OKMBFVKS,2009728
BEZYMBBT,FTSVTTSR,141875
NZKBIBNU,EVBVXETX,4864702
FRHNWLNI,UXSPKBJR,465629
UIFPPCLR,JBVHSUWY,296974
ZXERAXWP,MIRCVAMV,2272
UIFPPCLR,DEWLVASR,274616
WBLJNPZQ,DBWLZWNK,294319
ZCELVYQU,MBSBZBXA,4431019
SUOYXCHP,XUOIQPFL,2880847
SDWAYPIK,XUOIQPFL,2874853
FRHNWLNI,DUCMGGNW,939474
LRVGFDFM,BJALXPFS,148614
LUENUFGA,UGEQLMXM,173698
UXSPKBJR,EVBVXETX,4860229
EVBVXETX,XIIEJNEE,6753
QRKRBYJL,AANGBULD,125027
SAHWCZNH,KEUWZRKO,305762
SUOYXCHP,XIFHSOWQ,61044
RCBZUSIM,ATLDMDBO,40865065
JSLXRQOK,FTSVTTSR,141709
BSRMSVTC,BEZYMBBT,3733099
RJGPVEXX,ZKENOUDA,260397
UIFPPCLR,BEZYMBBT,3731267
TGOELCAG,XIFHSOWQ,61511
AHMDUILJ,WBLJNPZQ,193234
OGAFEHLU,IGDVVKUD,2529
DBWLZWNK,GYHKIVQT,24309357
ROACSLMG,BTMOEMEP,9570620
OKMBFVKS,KJNSOAHR,9241925
AXULOHBQ,BJALXPFS,149390
KAGJCHMR,SDWAYPIK,5938654
DNMPSKTB,DBWLZWNK,296343
QVLMOEYE,ZKENOUDA,261944
IGDVVKUD,SDWAYPIK,5955339
ZGJXVMNI,QRKRBYJL,3121135
AHMDUILJ,BSRMSVTC,231667
IGDVVKUD,BEZYMBBT,3727787
BLANHGYY,ROACSLMG,2253026
RCBZUSIM,JPBRUTWP,5443021
OGAFEHLU,OKMBFVKS,2006888
VWMBASNE,WBLJNPZQ,192948
XIIEJNEE,RCBZUSIM,10727
BSRMSVTC,EVBVXETX,4862558
LRVGFDFM,QRKRBYJL,3116282
BJALXPFS,RCBZUSIM,10747
ZGJXVMNI,SDWAYPIK,5962079
BJALXPFS,WBLJNPZQ,193318
DEWLVASR,XUOIQPFL,2877793
GYHKIVQT,ZCELVYQU,28579
ZGJXVMNI,BEZYMBBT,3732767
HXYSSRXE,GYHKIVQT,24217501
LUENUFGA,XIFHSOWQ,61414
VBYCLTYZ,ZXERAXWP,26718
SAHWCZNH,JSLXRQOK,2114
BJALXPFS,BSRMSVTC,231055
LRVGFDFM,SDWAYPIK,5984884
OGAFEHLU,RJGPVEXX,558707
FQCLOEXA,PYZMVUWD,973
LUENUFGA,ZCELVYQU,28579
LSOIUSXD,WBLJNPZQ,193176
DEWLVASR,ZCELVYQU,28582
ZCELVYQU,UGEQLMXM,174537
ATLDMDBO,LUENUFGA,3900667
KJNSOAHR,ZXERAXWP,26763
LSOIUSXD,BSRMSVTC,231004
ROACSLMG,TGOELCAG,6274
NZKBIBNU,OKMBFVKS,2002839
QRKRBYJL,APQGTRMF,52375
DEWLVASR,QVLMOEYE,1220117
ELQGMQWE,JERHKLYW,8858
UXSPKBJR,IGDVVKUD,2525
BTMOEMEP,KJNSOAHR,9237607
ELQGMQWE,NAQIHUKZ,48090
LTOYKIML,MBSBZBXA,4429634
LLHREMKS,UGEQLMXM,173144
WBLJNPZQ,SNHYOVBM,355801
BEZYMBBT,GYHKIVQT,24213373
HXYSSRXE,SAHWCZNH,2148237
DJBLNPNC,UQYUIVVR,3579118
DNMPSKTB,AXULOHBQ,78682
KAGJCHMR,LPHPPJUG,1134212
IGDVVKUD,LPHPPJUG,1135345
XIFHSOWQ,XIPPENFQ,97164
OKMBFVKS,AANGBULD,124876
LPHPPJUG,DEWLVASR,274580
SDWAYPIK,DEWLVASR,274851
ZGJXVMNI,LPHPPJUG,1135484
APQGTRMF,BTMOEMEP,9548544
AANGBULD,LLHREMKS,28119
AANGBULD,RJGPVEXX,558617
HXYSSRXE,AHMDUILJ,94383
QVLMOEYE,WQMVCOEM,3400
YSYHGLQK,FRHNWLNI,1060864
FQCLOEXA,SNHYOVBM,355406
BLANHGYY,RAWUKQMJ,3884607
VMAQSTJE,RJGPVEXX,558423
UGEQLMXM,DEWLVASR,274511
JERHKLYW,QRKRBYJL,3113899
SDWAYPIK,BEZYMBBT,3733730
GYHKIVQT,JBVHSUWY,298012
BSRMSVTC,OKMBFVKS,2008560
DNMPSKTB,UGEQLMXM,174114
ZXERAXWP,ZKENOUDA,260371
GYHKIVQT,DEWLVASR,273717
NZKBIBNU,KEUWZRKO,307760
JPBRUTWP,OXKURKXR,99441
JERHKLYW,BEZYMBBT,3733504
OGAFEHLU,UXSPKBJR,499218
HXYSSRXE,SUOYXCHP,95
JBVHSUWY,SAAYMURU,30153
AXULOHBQ,LPHPPJUG,1139004
LLHREMKS,ZCELVYQU,28543
ROACSLMG,GYHKIVQT,24316540
WBLJNPZQ,ATLDMDBO,40853491
EVBVXETX,FQCLOEXA,1593573
BSRMSVTC,RJGPVEXX,557794
OGAFEHLU,DUCMGGNW,936641
FWUCPMMW,WHPUAOID,27886
KEUWZRKO,NZKBIBNU,204041
VUAFAIYJ,AANGBULD,122972
UXSPKBJR,KEUWZRKO,307463
LPHPPJUG,BSRMSVTC,229450
FQCLOEXA,NZKBIBNU,203586
WBLJNPZQ,ZGJXVMNI,2526936
OXKURKXR,DJBLNPNC,313
SAAYMURU,MBSBZBXA,4433782
DNMPSKTB,XUOIQPFL,2887509
WPQXWHYO,XIFHSOWQ,61479
WBLJNPZQ,JPBRUTWP,5462185
GYHKIVQT,RCBZUSIM,10723
UIFPPCLR,VMAQSTJE,57057
DEWLVASR,BEZYMBBT,3740218
CCLHWFWF,SUOYXCHP,98
NZKBIBNU,JSLXRQOK,2114
XUOIQPFL,BTMOEMEP,9520418
PYZMVUWD,LUENUFGA,3884627
GYHKIVQT,BSRMSVTC,228797
DJBLNPNC,WHPUAOID,28353
WBLJNPZQ,QVLMOEYE,1216548
OJIFIHMZ,FITUEHWN,65543
OKMBFVKS,APQGTRMF,51749
BSRMSVTC,KEUWZRKO,305424
DNMPSKTB,ZGJXVMNI,2527051
RAWUKQMJ,NZKBIBNU,203396
FDXPMYGF,KEUWZRKO,304842
AHMDUILJ,UXSPKBJR,464526
JPBRUTWP,APQGTRMF,52245
YSYHGLQK,HCDTGMST,356
RCBZUSIM,ELQGMQWE,444841
CCLHWFWF,QKXNTIIB,1736402
AHMDUILJ,DUCMGGNW,939339
VWMBASNE,FRHNWLNI,1057992
BTMOEMEP,OXKURKXR,99497
RCBZUSIM,BUZIIBYG,15555602
QKXNTIIB,WPQXWHYO,10925240
SDWAYPIK,LPHPPJUG,1138908
OXKURKXR,VBYCLTYZ,325880
JBVHSUWY,HCDTGMST,46313
LLHREMKS,BJALXPFS,149099
QRKRBYJL,VWMBASNE,187678
DNMPSKTB,QVLMOEYE,1218459
ZKENOUDA,ATLDMDBO,40827143
JERHKLYW,LPHPPJUG,1133044
OGAFEHLU,VUAFAIYJ,500468
WHPUAOID,XIIEJNEE,6753
QKXNTIIB,XIIEJNEE,6753
XIIEJNEE,SAAYMURU,29787
OXKURKXR,TGOELCAG,6190
UXSPKBJR,DUCMGGNW,939294
OKMBFVKS,UQYUIVVR,3587518
DDEXPPXU,FRHNWLNI,1060275
GKQIJYDH,ZCELVYQU,28582
AXULOHBQ,VMAQSTJE,56768
ELQGMQWE,FITUEHWN,65984
VUAFAIYJ,APQGTRMF,51469
NAQIHUKZ,LLHREMKS,28241
ZKENOUDA,JPBRUTWP,5450025
APQGTRMF,GYHKIVQT,24280155
KAGJCHMR,JSLXRQOK,2114
JBVHSUWY,KJNSOAHR,9230626
WQMVCOEM,AXULOHBQ,79191
RCBZUSIM,FDXPMYGF,863
FRHNWLNI,DDEXPPXU,12326
WBLJNPZQ,LRVGFDFM,7150211
ZXERAXWP,DBWLZWNK,295224
RAWUKQMJ,CCLHWFWF,19711587
EVBVXETX,FRHNWLNI,1061883
WBLJNPZQ,QRKRBYJL,3118448
RCBZUSIM,OKMBFVKS,2007840
BTMOEMEP,APQGTRMF,51896
FDXPMYGF,DUCMGGNW,940046
ZGJXVMNI,JSLXRQOK,2114
EVBVXETX,UXSPKBJR,465256
LLHREMKS,BEZYMBBT,3730496
XIPPENFQ,DDEXPPXU,12310
HCDTGMST,ATLDMDBO,40893491
BLANHGYY,AXULOHBQ,79223
WBLJNPZQ,SDWAYPIK,5947209
HXYSSRXE,ZKENOUDA,262088
RCBZUSIM,RJGPVEXX,555660
AANGBULD,VUAFAIYJ,499871
FTSVTTSR,FQCLOEXA,1593342
DNMPSKTB,QRKRBYJL,3117677
SUOYXCHP,VMAQSTJE,56733
LPHPPJUG,VMAQSTJE,56944
QVLMOEYE,ATLDMDBO,40936856
SDWAYPIK,VMAQSTJE,57134
OGAFEHLU,VBYCLTYZ,325081
APQGTRMF,DNMPSKTB,5260513
ELQGMQWE,ZKENOUDA,260878
JBVHSUWY,FTSVTTSR,142631
DBWLZWNK,RAWUKQMJ,3887902
DNMPSKTB,SDWAYPIK,5965096
UGEQLMXM,VMAQSTJE,56749
FTSVTTSR,LLHREMKS,28236
QVLMOEYE,ZGJXVMNI,2519261
XUOIQPFL,GYHKIVQT,24249615
OXKURKXR,OJIFIHMZ,2523042
OKMBFVKS,VWMBASNE,188854
XIFHSOWQ,RAWUKQMJ,3885733
GYHKIVQT,VMAQSTJE,56960
UXSPKBJR,DJBLNPNC,315
ZKENOUDA,XIIEJNEE,6753
JPBRUTWP,VWMBASNE,188763
VMAQSTJE,KJNSOAHR,9191666
HXYSSRXE,RAWUKQMJ,3885691
JERHKLYW,KEUWZRKO,304352
MIRCVAMV,VUAFAIYJ,500108
DNMPSKTB,EVBVXETX,4849187
BEZYMBBT,ZKENOUDA,261557
SUOYXCHP,SAAYMURU,30502
DEWLVASR,VMAQSTJE,57022
QRKRBYJL,HXYSSRXE,5189418
BLANHGYY,XUOIQPFL,2869311
OXKURKXR,DNMPSKTB,5258315
LSOIUSXD,KJNSOAHR,9249158
LTOYKIML,WBLJNPZQ,193318
SAAYMURU,BJALXPFS,149131
SAHWCZNH,DNMPSKTB,5260173
WBLJNPZQ,LPHPPJUG,1138653
WHPUAOID,FDXPMYGF,885
XIPPENFQ,LSOIUSXD,107084
XUOIQPFL,DNMPSKTB,5288487
VUAFAIYJ,VWMBASNE,189734
DUCMGGNW,HXYSSRXE,5198486
SAHWCZNH,XIPPENFQ,96499
OGAFEHLU,OXKURKXR,99140
UXSPKBJR,VBYCLTYZ,325949
IGDVVKUD,BTMOEMEP,9569758
ZKENOUDA,EVBVXETX,4846945
EVBVXETX,DJBLNPNC,313
RJGPVEXX,WPQXWHYO,10923243
JPBRUTWP,YSYHGLQK,1152
OKMBFVKS,ROACSLMG,2247640
VBYCLTYZ,ATLDMDBO,40914211
XMKRPGLB,BEZYMBBT,3721516
UQYUIVVR,JBVHSUWY,297258
HXYSSRXE,WQMVCOEM,3400
BEZYMBBT,RAWUKQMJ,3887597
DNMPSKTB,LPHPPJUG,1136579
JSLXRQOK,QJQJSWFU,121143
RAWUKQMJ,WBLJNPZQ,192942
AXULOHBQ,LUENUFGA,3884157
PYZMVUWD,SAHWCZNH,2154925
RAWUKQMJ,ELQGMQWE,444458
VBYCLTYZ,JPBRUTWP,5478323
LRVGFDFM,BTMOEMEP,9573760
DJBLNPNC,BLANHGYY,9038
ZXERAXWP,XUOIQPFL,2880366
WQMVCOEM,BJALXPFS,148777
QVLMOEYE,QRKRBYJL,3129772
RJGPVEXX,SDWAYPIK,5969252
ZKENOUDA,ELQGMQWE,446540
FQCLOEXA,IGDVVKUD,2522
OGAFEHLU,UIFPPCLR,57019
BSRMSVTC,TGOELCAG,6261
ELQGMQWE,DBWLZWNK,296355
QVLMOEYE,SDWAYPIK,5976197
WBLJNPZQ,RJGPVEXX,559659
GKQIJYDH,LPHPPJUG,1133976
BLANHGYY,BJALXPFS,149095
QRKRBYJL,BLANHGYY,9038
UQYUIVVR,BSRMSVTC,231095
YSYHGLQK,JERHKLYW,8918
DNMPSKTB,OKMBFVKS,2006263
CCLHWFWF,DBWLZWNK,296488
AANGBULD,OXKURKXR,99451
RJGPVEXX,EVBVXETX,4845303
UXSPKBJR,OXKURKXR,98905
JBVHSUWY,JERHKLYW,8940
FQCLOEXA,LLHREMKS,28221
BTMOEMEP,ROACSLMG,2257807
JBVHSUWY,NAQIHUKZ,19276
UGEQLMXM,KJNSOAHR,9242269
SUOYXCHP,LUENUFGA,3888581
LPHPPJUG,LUENUFGA,3881052
BEZYMBBT,DBWLZWNK,296377
JPBRUTWP,HXYSSRXE,5198842
DUCMGGNW,BLANHGYY,9038
RAWUKQMJ,FQCLOEXA,1592088
TGOELCAG,LUENUFGA,3887087
WPQXWHYO,VMAQSTJE,57327
DJBLNPNC,MBSBZBXA,4810931
FITUEHWN,UGEQLMXM,174181
DNMPSKTB,VMAQSTJE,57172
QKXNTIIB,JSLXRQOK,2114
SAHWCZNH,FITUEHWN,65545
UXSPKBJR,OJIFIHMZ,2549597
ZKENOUDA,FQCLOEXA,1592251
ZKENOUDA,OKMBFVKS,2012242
AANGBULD,DDEXPPXU,12420
OJIFIHMZ,SNHYOVBM,355299
AHMDUILJ,APQGTRMF,51454
MIRCVAMV,OXKURKXR,98672
SDWAYPIK,BTMOEMEP,9570523
HXYSSRXE,AXULOHBQ,79150
AANGBULD,UIFPPCLR,56641
SAHWCZNH,ZXERAXWP,26349
RCBZUSIM,DJBLNPNC,313
UIFPPCLR,GYHKIVQT,24334038
UXSPKBJR,UIFPPCLR,57493
NZKBIBNU,FWUCPMMW,2666
JBVHSUWY,AHMDUILJ,94714
QVLMOEYE,ELQGMQWE,444801
XIIEJNEE,GYHKIVQT,24217525
AANGBULD,APQGTRMF,51699
ZKENOUDA,RJGPVEXX,558715
DEWLVASR,LUENUFGA,3896730
ATLDMDBO,RAWUKQMJ,3893313
IGDVVKUD,GYHKIVQT,24214572
QVLMOEYE,LPHPPJUG,1139170
OGAFEHLU,LSOIUSXD,107078
NZKBIBNU,XIPPENFQ,96877
UXSPKBJR,FWUCPMMW,2671
XIPPENFQ,KAGJCHMR,8798
UIFPPCLR,JERHKLYW,8908
FITUEHWN,ZCELVYQU,28578
ZGJXVMNI,GYHKIVQT,24242229
QRKRBYJL,AXULOHBQ,78640
MIRCVAMV,DDEXPPXU,12371
LSOIUSXD,APQGTRMF,52329
BSRMSVTC,UIFPPCLR,57034
JBVHSUWY,SUOYXCHP,97
KAGJCHMR,GKQIJYDH,7203330
DEWLVASR,BTMOEMEP,9549663
DDEXPPXU,APQGTRMF,51390
FRHNWLNI,HXYSSRXE,5193743
LRVGFDFM,GYHKIVQT,24238571
HCDTGMST,OKMBFVKS,1999286
KEUWZRKO,FRHNWLNI,1060717
DBWLZWNK,ATLDMDBO,40869456
RCBZUSIM,VBYCLTYZ,325519
OKMBFVKS,BLANHGYY,9038
AANGBULD,UQYUIVVR,3583687
FQCLOEXA,FRHNWLNI,1059016
DEWLVASR,FTSVTTSR,142408
BSRMSVTC,DNMPSKTB,5272335
QVLMOEYE,IGDVVKUD,2524
XMKRPGLB,VMAQSTJE,57208
QVLMOEYE,FDXPMYGF,878
JPBRUTWP,BLANHGYY,9038
ZXERAXWP,BEZYMBBT,3727221
DDEXPPXU,JERHKLYW,8896
AXULOHBQ,GYHKIVQT,24315132
HXYSSRXE,XUOIQPFL,2883112
XIFHSOWQ,ATLDMDBO,40843637
ATLDMDBO,WQMVCOEM,3400
CCLHWFWF,UGEQLMXM,174124
QVLMOEYE,OKMBFVKS,2010534
KAGJCHMR,FWUCPMMW,2685
DBWLZWNK,JPBRUTWP,5471203
QRKRBYJL,UGEQLMXM,174090
IGDVVKUD,DNMPSKTB,5253594
JERHKLYW,TGOELCAG,6150
BLANHGYY,LPHPPJUG,1138933
VWMBASNE,AHMDUILJ,94651
VBYCLTYZ,WBLJNPZQ,193186
VBYCLTYZ,ELQGMQWE,444916
ZGJXVMNI,DNMPSKTB,5286843
DBWLZWNK,QVLMOEYE,1221426
ATLDMDBO,DBWLZWNK,295605
HXYSSRXE,ZGJXVMNI,2518404
OXKURKXR,LTOYKIML,381956
PYZMVUWD,ZKENOUDA,260083
DJBLNPNC,CCLHWFWF,19640048
APQGTRMF,WQMVCOEM,3400
VWMBASNE,MIRCVAMV,2272
CCLHWFWF,XUOIQPFL,2872832
LRVGFDFM,DNMPSKTB,5278777
JBVHSUWY,STZDBITS,21626934
HCDTGMST,KEUWZRKO,305715
LSOIUSXD,AHMDUILJ,94631
QRKRBYJL,XUOIQPFL,2872854
ELQGMQWE,ZGJXVMNI,2519238
MBSBZBXA,FTSVTTSR,140911
XIIEJNEE,SUOYXCHP,96
RJGPVEXX,KEUWZRKO,307542
BJALXPFS,SUOYXCHP,95
AXULOHBQ,DNMPSKTB,5274733
RCBZUSIM,OXKURKXR,99219
LSOIUSXD,MIRCVAMV,2272
BTMOEMEP,BLANHGYY,9038
LPHPPJUG,GYHKIVQT,24223297
SDWAYPIK,GYHKIVQT,24332301
BSRMSVTC,LSOIUSXD,107214
ROACSLMG,SNHYOVBM,353779
NZKBIBNU,WHPUAOID,28816
BEZYMBBT,ATLDMDBO,40706574
FDXPMYGF,LSOIUSXD,106901
FRHNWLNI,BLANHGYY,9038
KEUWZRKO,HCDTGMST,38829
QJQJSWFU,LTOYKIML,380276
WPQXWHYO,LUENUFGA,3892851
NZKBIBNU,ZXERAXWP,26198
UGEQLMXM,GYHKIVQT,24243247
OKMBFVKS,AXULOHBQ,79089
BSRMSVTC,OGAFEHLU,42826
VMAQSTJE,VWMBASNE,187762
FDXPMYGF,OGAFEHLU,8905
CCLHWFWF,QVLMOEYE,1220577
VBYCLTYZ,FQCLOEXA,1586895
BEZYMBBT,JPBRUTWP,5464593
FCYBOAXC,FWUCPMMW,2685
SDWAYPIK,JERHKLYW,8871
HXYSSRXE,BJALXPFS,149268
DBWLZWNK,LRVGFDFM,7155987
XIFHSOWQ,WPQXWHYO,10940421
TGOELCAG,JERHKLYW,8885
LSOIUSXD,QKXNTIIB,1736382
DBWLZWNK,QRKRBYJL,3122962
BLANHGYY,VMAQSTJE,56729
RCBZUSIM,UIFPPCLR,57511
LSOIUSXD,VWMBASNE,188915
HXYSSRXE,WPQXWHYO,10890116
FITUEHWN,RCBZUSIM,10706
XUOIQPFL,WQMVCOEM,3400
FQCLOEXA,DJBLNPNC,313
ATLDMDBO,AXULOHBQ,79097
KEUWZRKO,KJNSOAHR,9203893
BEZYMBBT,QVLMOEYE,1216043
AHMDUILJ,YSYHGLQK,1152
DEWLVASR,GYHKIVQT,24323678
DNMPSKTB,BTMOEMEP,9552921
JBVHSUWY,ZKENOUDA,262743
JERHKLYW,UIFPPCLR,56654
DBWLZWNK,SDWAYPIK,5959547
QKXNTIIB,TGOELCAG,6214
OKMBFVKS,UGEQLMXM,174348
ROACSLMG,ATLDMDBO,40875263
LPHPPJUG,SAHWCZNH,2150089
AHMDUILJ,ROACSLMG,2251353
ZKENOUDA,VUAFAIYJ,500985
TGOELCAG,SAHWCZNH,2155645
QVLMOEYE,UXSPKBJR,466088
LRVGFDFM,OGAFEHLU,3090306
XIIEJNEE,FITUEHWN,65339
HXYSSRXE,QRKRBYJL,3103707
QRKRBYJL,BJALXPFS,148865
UQYUIVVR,HCDTGMST,190849
JERHKLYW,DNMPSKTB,5251696
RAWUKQMJ,DJBLNPNC,313
LPHPPJUG,AHMDUILJ,94720
ELQGMQWE,XIIEJNEE,6753
FWUCPMMW,RCBZUSIM,11441
XIFHSOWQ,FCYBOAXC,101487783
ROACSLMG,JPBRUTWP,5473914
FWUCPMMW,WBLJNPZQ,190766
HXYSSRXE,SDWAYPIK,5955430
KAGJCHMR,ZXERAXWP,26229
GYHKIVQT,SAHWCZNH,2150740
ATLDMDBO,UGEQLMXM,173600
OKMBFVKS,XUOIQPFL,2880172
JERHKLYW,XIPPENFQ,96752
BTMOEMEP,AXULOHBQ,78671
FWUCPMMW,BSRMSVTC,252015
LUENUFGA,SAHWCZNH,2155807
ZGJXVMNI,ZXERAXWP,26378
NZKBIBNU,QJQJSWFU,121190
ELQGMQWE,SDWAYPIK,5962794
STZDBITS,DBWLZWNK,295992
DNMPSKTB,VBYCLTYZ,325439
FCYBOAXC,LSOIUSXD,107950
XIFHSOWQ,EVBVXETX,4865351
ELQGMQWE,BEZYMBBT,3741170
QRKRBYJL,DEWLVASR,273196
DEWLVASR,DNMPSKTB,5285533
VUAFAIYJ,UGEQLMXM,174376
DJBLNPNC,WBLJNPZQ,216028
HXYSSRXE,EVBVXETX,4847716
NZKBIBNU,LTOYKIML,381925
ATLDMDBO,XUOIQPFL,2887869
UGEQLMXM,SUOYXCHP,97
SNHYOVBM,ZXERAXWP,26275
DJBLNPNC,BSRMSVTC,226502
QRKRBYJL,BEZYMBBT,3733600
DBWLZWNK,ELQGMQWE,445259
BUZIIBYG,JSLXRQOK,2114
VWMBASNE,ZKENOUDA,260703
RJGPVEXX,VUAFAIYJ,500958
BTMOEMEP,UGEQLMXM,174108
AHMDUILJ,HXYSSRXE,5178455
BJALXPFS,ZKENOUDA,260530
RCBZUSIM,LSOIUSXD,107139
BEZYMBBT,SDWAYPIK,5962637
DBWLZWNK,LPHPPJUG,1137983
VBYCLTYZ,FRHNWLNI,1061817
FRHNWLNI,UGEQLMXM,174227
JSLXRQOK,XIIEJNEE,6753
FQCLOEXA,AANGBULD,124255
WHPUAOID,OJIFIHMZ,2522392
ZKENOUDA,VBYCLTYZ,324469
ATLDMDBO,ZGJXVMNI,2518513
WBLJNPZQ,OXKURKXR,98831
BSRMSVTC,QJQJSWFU,120920
UXSPKBJR,HXYSSRXE,5189470
APQGTRMF,ATLDMDBO,40853026
VUAFAIYJ,ZCELVYQU,28565
HXYSSRXE,LPHPPJUG,1139555
BTMOEMEP,XUOIQPFL,2884238
ROACSLMG,XIIEJNEE,6753
ATLDMDBO,QVLMOEYE,1222412
UIFPPCLR,RAWUKQMJ,3884214
DBWLZWNK,IGDVVKUD,2533
QVLMOEYE,DJBLNPNC,313
SUOYXCHP,STZDBITS,21570395
XUOIQPFL,SNHYOVBM,354038
OKMBFVKS,BJALXPFS,148672
XIIEJNEE,RAWUKQMJ,3870383
APQGTRMF,JPBRUTWP,5464000
DNMPSKTB,GYHKIVQT,24260541
SUOYXCHP,FITUEHWN,65864
ZGJXVMNI,QJQJSWFU,120916
SDWAYPIK,FITUEHWN,65447
KAGJCHMR,LTOYKIML,381158
WBLJNPZQ,UIFPPCLR,56455
DBWLZWNK,OKMBFVKS,2009592
FRHNWLNI,ZCELVYQU,28586
ZKENOUDA,AANGBULD,124354
FDXPMYGF,HXYSSRXE,5193611
NAQIHUKZ,YSYHGLQK,1150
LRVGFDFM,QJQJSWFU,121239
HCDTGMST,VBYCLTYZ,325760
QRKRBYJL,LPHPPJUG,1136510
SAHWCZNH,NZKBIBNU,204106
ZGJXVMNI,LTOYKIML,381495
HXYSSRXE,FDXPMYGF,874
BEZYMBBT,ELQGMQWE,447115
ATLDMDBO,BJALXPFS,149027
WBLJNPZQ,DNMPSKTB,5257254
GYHKIVQT,FITUEHWN,65370
RJGPVEXX,VBYCLTYZ,324918
SAHWCZNH,ATLDMDBO,40753792
ZKENOUDA,OXKURKXR,99513
HXYSSRXE,OKMBFVKS,2002409
AXULOHBQ,QJQJSWFU,120968
JPBRUTWP,JBVHSUWY,297565
JPBRUTWP,DEWLVASR,274832
UIFPPCLR,WQMVCOEM,3400
QVLMOEYE,VBYCLTYZ,325990
WPQXWHYO,SAHWCZNH,2155901
XUOIQPFL,ATLDMDBO,40931803
XIFHSOWQ,RJGPVEXX,559181
OKMBFVKS,BEZYMBBT,3736142
ELQGMQWE,OKMBFVKS,2006552
RCBZUSIM,YSYHGLQK,1153
IGDVVKUD,WQMVCOEM,3400
JSLXRQOK,BUZIIBYG,15550465
FITUEHWN,SAAYMURU,30366
OJIFIHMZ,KEUWZRKO,306330
ATLDMDBO,QRKRBYJL,3130054
LTOYKIML,NAQIHUKZ,32791
UXSPKBJR,BLANHGYY,9038
WHPUAOID,LSOIUSXD,107207
ZKENOUDA,GKQIJYDH,7210519
LPHPPJUG,ZKENOUDA,260674
SDWAYPIK,ZKENOUDA,262450
XUOIQPFL,JPBRUTWP,5463774
BUZIIBYG,BTMOEMEP,9556551
XIIEJNEE,DBWLZWNK,294036
JPBRUTWP,RCBZUSIM,10716
ATLDMDBO,SDWAYPIK,5981541
FRHNWLNI,BJALXPFS,149315
ZKENOUDA,UIFPPCLR,57298
UGEQLMXM,ZKENOUDA,261019
FWUCPMMW,FRHNWLNI,1053327
ATLDMDBO,BEZYMBBT,3742068
VUAFAIYJ,DEWLVASR,273762
FTSVTTSR,YSYHGLQK,1150
XIFHSOWQ,KEUWZRKO,306347
JPBRUTWP,BSRMSVTC,231033
ZKENOUDA,APQGTRMF,51899
HXYSSRXE,KEUWZRKO,305304
GYHKIVQT,ZKENOUDA,261691
PYZMVUWD,JPBRUTWP,5456781
SDWAYPIK,QJQJSWFU,121334
WBLJNPZQ,LSOIUSXD,106840
BSRMSVTC,PYZMVUWD,973
BTMOEMEP,JBVHSUWY,296778
JSLXRQOK,FDXPMYGF,867
AXULOHBQ,WQMVCOEM,3400
BEZYMBBT,RJGPVEXX,559170
ELQGMQWE,KEUWZRKO,306791
LPHPPJUG,RAWUKQMJ,3886243
EVBVXETX,BLANHGYY,9038
SDWAYPIK,RAWUKQMJ,3882854
WBLJNPZQ,OGAFEHLU,21834
OJIFIHMZ,UXSPKBJR,463541
UGEQLMXM,RAWUKQMJ,3886789
ROACSLMG,IGDVVKUD,2525
UQYUIVVR,JERHKLYW,8855
DBWLZWNK,UXSPKBJR,465953
ROACSLMG,FDXPMYGF,875
KEUWZRKO,MIRCVAMV,2272
DNMPSKTB,LSOIUSXD,106943
JERHKLYW,LTOYKIML,381661
YSYHGLQK,XUOIQPFL,2862826
ZGJXVMNI,PYZMVUWD,973
UQYUIVVR,NAQIHUKZ,157756
JSLXRQOK,LLHREMKS,28178
RCBZUSIM,HXYSSRXE,5196197
GYHKIVQT,RAWUKQMJ,3882396
BTMOEMEP,RCBZUSIM,10727
DEWLVASR,QJQJSWFU,121232
JBVHSUWY,XUOIQPFL,2871308
LRVGFDFM,PYZMVUWD,973
FRHNWLNI,RCBZUSIM,10792
XMKRPGLB,XIPPENFQ,96674
DNMPSKTB,OGAFEHLU,550256
RJGPVEXX,UIFPPCLR,57461
LLHREMKS,ZXERAXWP,26331
LUENUFGA,RAWUKQMJ,3888136
XUOIQPFL,LRVGFDFM,7174769
XUOIQPFL,XIIEJNEE,6753
ATLDMDBO,LPHPPJUG,1136118
QVLMOEYE,UIFPPCLR,56875
FDXPMYGF,MBSBZBXA,4439244
RAWUKQMJ,MIRCVAMV,2272
XIPPENFQ,WBLJNPZQ,193037
SDWAYPIK,WQMVCOEM,3400
CCLHWFWF,JSLXRQOK,2114
VBYCLTYZ,AANGBULD,124275
WPQXWHYO,FITUEHWN,65356
LSOIUSXD,AXULOHBQ,79048
UQYUIVVR,AHMDUILJ,94483
FITUEHWN,LUENUFGA,3878725
APQGTRMF,ELQGMQWE,445354
QVLMOEYE,DNMPSKTB,5269153
IGDVVKUD,SNHYOVBM,356060
SDWAYPIK,DBWLZWNK,295991
SAHWCZNH,EVBVXETX,4861597
XIIEJNEE,UGEQLMXM,172559
DNMPSKTB,ZXERAXWP,26384
BJALXPFS,UGEQLMXM,173235
VBYCLTYZ,OXKURKXR,99371
UGEQLMXM,DBWLZWNK,295721
AHMDUILJ,XUOIQPFL,2881884
MBSBZBXA,QJQJSWFU,121221
UQYUIVVR,SUOYXCHP,97
